name,group,actual
20A041695_mixpat_10_1,Stom,0.9
20A041695_mixpat_10_10,Stom,0.9
20A041695_mixpat_10_2,Stom,0.9
20A041695_mixpat_10_3,Stom,0.9
20A041695_mixpat_10_4,Stom,0.9
20A041695_mixpat_10_5,Stom,0.9
20A041695_mixpat_10_6,Stom,0.9
20A041695_mixpat_10_7,Stom,0.9
20A041695_mixpat_10_8,Stom,0.9
20A041695_mixpat_10_9,Stom,0.9
20A041695_mixpat_11_1,Stom,1
20A041695_mixpat_11_10,Stom,1
20A041695_mixpat_11_2,Stom,1
20A041695_mixpat_11_3,Stom,1
20A041695_mixpat_11_4,Stom,1
20A041695_mixpat_11_5,Stom,1
20A041695_mixpat_11_6,Stom,1
20A041695_mixpat_11_7,Stom,1
20A041695_mixpat_11_8,Stom,1
20A041695_mixpat_11_9,Stom,1
20A041695_mixpat_1_1,Stom,0
20A041695_mixpat_1_10,Stom,0
20A041695_mixpat_1_2,Stom,0
20A041695_mixpat_1_3,Stom,0
20A041695_mixpat_1_4,Stom,0
20A041695_mixpat_1_5,Stom,0
20A041695_mixpat_1_6,Stom,0
20A041695_mixpat_1_7,Stom,0
20A041695_mixpat_1_8,Stom,0
20A041695_mixpat_1_9,Stom,0
20A041695_mixpat_2_1,Stom,0.1
20A041695_mixpat_2_10,Stom,0.1
20A041695_mixpat_2_2,Stom,0.1
20A041695_mixpat_2_3,Stom,0.1
20A041695_mixpat_2_4,Stom,0.1
20A041695_mixpat_2_5,Stom,0.1
20A041695_mixpat_2_6,Stom,0.1
20A041695_mixpat_2_7,Stom,0.1
20A041695_mixpat_2_8,Stom,0.1
20A041695_mixpat_2_9,Stom,0.1
20A041695_mixpat_3_1,Stom,0.2
20A041695_mixpat_3_10,Stom,0.2
20A041695_mixpat_3_2,Stom,0.2
20A041695_mixpat_3_3,Stom,0.2
20A041695_mixpat_3_4,Stom,0.2
20A041695_mixpat_3_5,Stom,0.2
20A041695_mixpat_3_6,Stom,0.2
20A041695_mixpat_3_7,Stom,0.2
20A041695_mixpat_3_8,Stom,0.2
20A041695_mixpat_3_9,Stom,0.2
20A041695_mixpat_4_1,Stom,0.3
20A041695_mixpat_4_10,Stom,0.3
20A041695_mixpat_4_2,Stom,0.3
20A041695_mixpat_4_3,Stom,0.3
20A041695_mixpat_4_4,Stom,0.3
20A041695_mixpat_4_5,Stom,0.3
20A041695_mixpat_4_6,Stom,0.3
20A041695_mixpat_4_7,Stom,0.3
20A041695_mixpat_4_8,Stom,0.3
20A041695_mixpat_4_9,Stom,0.3
20A041695_mixpat_5_1,Stom,0.4
20A041695_mixpat_5_10,Stom,0.4
20A041695_mixpat_5_2,Stom,0.4
20A041695_mixpat_5_3,Stom,0.4
20A041695_mixpat_5_4,Stom,0.4
20A041695_mixpat_5_5,Stom,0.4
20A041695_mixpat_5_6,Stom,0.4
20A041695_mixpat_5_7,Stom,0.4
20A041695_mixpat_5_8,Stom,0.4
20A041695_mixpat_5_9,Stom,0.4
20A041695_mixpat_6_1,Stom,0.5
20A041695_mixpat_6_10,Stom,0.5
20A041695_mixpat_6_2,Stom,0.5
20A041695_mixpat_6_3,Stom,0.5
20A041695_mixpat_6_4,Stom,0.5
20A041695_mixpat_6_5,Stom,0.5
20A041695_mixpat_6_6,Stom,0.5
20A041695_mixpat_6_7,Stom,0.5
20A041695_mixpat_6_8,Stom,0.5
20A041695_mixpat_6_9,Stom,0.5
20A041695_mixpat_7_1,Stom,0.6
20A041695_mixpat_7_10,Stom,0.6
20A041695_mixpat_7_2,Stom,0.6
20A041695_mixpat_7_3,Stom,0.6
20A041695_mixpat_7_4,Stom,0.6
20A041695_mixpat_7_5,Stom,0.6
20A041695_mixpat_7_6,Stom,0.6
20A041695_mixpat_7_7,Stom,0.6
20A041695_mixpat_7_8,Stom,0.6
20A041695_mixpat_7_9,Stom,0.6
20A041695_mixpat_8_1,Stom,0.7
20A041695_mixpat_8_10,Stom,0.7
20A041695_mixpat_8_2,Stom,0.7
20A041695_mixpat_8_3,Stom,0.7
20A041695_mixpat_8_4,Stom,0.7
20A041695_mixpat_8_5,Stom,0.7
20A041695_mixpat_8_6,Stom,0.7
20A041695_mixpat_8_7,Stom,0.7
20A041695_mixpat_8_8,Stom,0.7
20A041695_mixpat_8_9,Stom,0.7
20A041695_mixpat_9_1,Stom,0.8
20A041695_mixpat_9_10,Stom,0.8
20A041695_mixpat_9_2,Stom,0.8
20A041695_mixpat_9_3,Stom,0.8
20A041695_mixpat_9_4,Stom,0.8
20A041695_mixpat_9_5,Stom,0.8
20A041695_mixpat_9_6,Stom,0.8
20A041695_mixpat_9_7,Stom,0.8
20A041695_mixpat_9_8,Stom,0.8
20A041695_mixpat_9_9,Stom,0.8
20A041714_mixpat_10_1,Colorectum,0.9
20A041714_mixpat_10_10,Colorectum,0.9
20A041714_mixpat_10_2,Colorectum,0.9
20A041714_mixpat_10_3,Colorectum,0.9
20A041714_mixpat_10_4,Colorectum,0.9
20A041714_mixpat_10_5,Colorectum,0.9
20A041714_mixpat_10_6,Colorectum,0.9
20A041714_mixpat_10_7,Colorectum,0.9
20A041714_mixpat_10_8,Colorectum,0.9
20A041714_mixpat_10_9,Colorectum,0.9
20A041714_mixpat_11_1,Colorectum,1
20A041714_mixpat_11_10,Colorectum,1
20A041714_mixpat_11_2,Colorectum,1
20A041714_mixpat_11_3,Colorectum,1
20A041714_mixpat_11_4,Colorectum,1
20A041714_mixpat_11_5,Colorectum,1
20A041714_mixpat_11_6,Colorectum,1
20A041714_mixpat_11_7,Colorectum,1
20A041714_mixpat_11_8,Colorectum,1
20A041714_mixpat_11_9,Colorectum,1
20A041714_mixpat_1_1,Colorectum,0
20A041714_mixpat_1_10,Colorectum,0
20A041714_mixpat_1_2,Colorectum,0
20A041714_mixpat_1_3,Colorectum,0
20A041714_mixpat_1_4,Colorectum,0
20A041714_mixpat_1_5,Colorectum,0
20A041714_mixpat_1_6,Colorectum,0
20A041714_mixpat_1_7,Colorectum,0
20A041714_mixpat_1_8,Colorectum,0
20A041714_mixpat_1_9,Colorectum,0
20A041714_mixpat_2_1,Colorectum,0.1
20A041714_mixpat_2_10,Colorectum,0.1
20A041714_mixpat_2_2,Colorectum,0.1
20A041714_mixpat_2_3,Colorectum,0.1
20A041714_mixpat_2_4,Colorectum,0.1
20A041714_mixpat_2_5,Colorectum,0.1
20A041714_mixpat_2_6,Colorectum,0.1
20A041714_mixpat_2_7,Colorectum,0.1
20A041714_mixpat_2_8,Colorectum,0.1
20A041714_mixpat_2_9,Colorectum,0.1
20A041714_mixpat_3_1,Colorectum,0.2
20A041714_mixpat_3_10,Colorectum,0.2
20A041714_mixpat_3_2,Colorectum,0.2
20A041714_mixpat_3_3,Colorectum,0.2
20A041714_mixpat_3_4,Colorectum,0.2
20A041714_mixpat_3_5,Colorectum,0.2
20A041714_mixpat_3_6,Colorectum,0.2
20A041714_mixpat_3_7,Colorectum,0.2
20A041714_mixpat_3_8,Colorectum,0.2
20A041714_mixpat_3_9,Colorectum,0.2
20A041714_mixpat_4_1,Colorectum,0.3
20A041714_mixpat_4_10,Colorectum,0.3
20A041714_mixpat_4_2,Colorectum,0.3
20A041714_mixpat_4_3,Colorectum,0.3
20A041714_mixpat_4_4,Colorectum,0.3
20A041714_mixpat_4_5,Colorectum,0.3
20A041714_mixpat_4_6,Colorectum,0.3
20A041714_mixpat_4_7,Colorectum,0.3
20A041714_mixpat_4_8,Colorectum,0.3
20A041714_mixpat_4_9,Colorectum,0.3
20A041714_mixpat_5_1,Colorectum,0.4
20A041714_mixpat_5_10,Colorectum,0.4
20A041714_mixpat_5_2,Colorectum,0.4
20A041714_mixpat_5_3,Colorectum,0.4
20A041714_mixpat_5_4,Colorectum,0.4
20A041714_mixpat_5_5,Colorectum,0.4
20A041714_mixpat_5_6,Colorectum,0.4
20A041714_mixpat_5_7,Colorectum,0.4
20A041714_mixpat_5_8,Colorectum,0.4
20A041714_mixpat_5_9,Colorectum,0.4
20A041714_mixpat_6_1,Colorectum,0.5
20A041714_mixpat_6_10,Colorectum,0.5
20A041714_mixpat_6_2,Colorectum,0.5
20A041714_mixpat_6_3,Colorectum,0.5
20A041714_mixpat_6_4,Colorectum,0.5
20A041714_mixpat_6_5,Colorectum,0.5
20A041714_mixpat_6_6,Colorectum,0.5
20A041714_mixpat_6_7,Colorectum,0.5
20A041714_mixpat_6_8,Colorectum,0.5
20A041714_mixpat_6_9,Colorectum,0.5
20A041714_mixpat_7_1,Colorectum,0.6
20A041714_mixpat_7_10,Colorectum,0.6
20A041714_mixpat_7_2,Colorectum,0.6
20A041714_mixpat_7_3,Colorectum,0.6
20A041714_mixpat_7_4,Colorectum,0.6
20A041714_mixpat_7_5,Colorectum,0.6
20A041714_mixpat_7_6,Colorectum,0.6
20A041714_mixpat_7_7,Colorectum,0.6
20A041714_mixpat_7_8,Colorectum,0.6
20A041714_mixpat_7_9,Colorectum,0.6
20A041714_mixpat_8_1,Colorectum,0.7
20A041714_mixpat_8_10,Colorectum,0.7
20A041714_mixpat_8_2,Colorectum,0.7
20A041714_mixpat_8_3,Colorectum,0.7
20A041714_mixpat_8_4,Colorectum,0.7
20A041714_mixpat_8_5,Colorectum,0.7
20A041714_mixpat_8_6,Colorectum,0.7
20A041714_mixpat_8_7,Colorectum,0.7
20A041714_mixpat_8_8,Colorectum,0.7
20A041714_mixpat_8_9,Colorectum,0.7
20A041714_mixpat_9_1,Colorectum,0.8
20A041714_mixpat_9_10,Colorectum,0.8
20A041714_mixpat_9_2,Colorectum,0.8
20A041714_mixpat_9_3,Colorectum,0.8
20A041714_mixpat_9_4,Colorectum,0.8
20A041714_mixpat_9_5,Colorectum,0.8
20A041714_mixpat_9_6,Colorectum,0.8
20A041714_mixpat_9_7,Colorectum,0.8
20A041714_mixpat_9_8,Colorectum,0.8
20A041714_mixpat_9_9,Colorectum,0.8
23T023931_mixpat_10_1,Pancreas,0.9
23T023931_mixpat_10_10,Pancreas,0.9
23T023931_mixpat_10_2,Pancreas,0.9
23T023931_mixpat_10_3,Pancreas,0.9
23T023931_mixpat_10_4,Pancreas,0.9
23T023931_mixpat_10_5,Pancreas,0.9
23T023931_mixpat_10_6,Pancreas,0.9
23T023931_mixpat_10_7,Pancreas,0.9
23T023931_mixpat_10_8,Pancreas,0.9
23T023931_mixpat_10_9,Pancreas,0.9
23T023931_mixpat_11_1,Pancreas,1
23T023931_mixpat_11_10,Pancreas,1
23T023931_mixpat_11_2,Pancreas,1
23T023931_mixpat_11_3,Pancreas,1
23T023931_mixpat_11_4,Pancreas,1
23T023931_mixpat_11_5,Pancreas,1
23T023931_mixpat_11_6,Pancreas,1
23T023931_mixpat_11_7,Pancreas,1
23T023931_mixpat_11_8,Pancreas,1
23T023931_mixpat_11_9,Pancreas,1
23T023931_mixpat_1_1,Pancreas,0
23T023931_mixpat_1_10,Pancreas,0
23T023931_mixpat_1_2,Pancreas,0
23T023931_mixpat_1_3,Pancreas,0
23T023931_mixpat_1_4,Pancreas,0
23T023931_mixpat_1_5,Pancreas,0
23T023931_mixpat_1_6,Pancreas,0
23T023931_mixpat_1_7,Pancreas,0
23T023931_mixpat_1_8,Pancreas,0
23T023931_mixpat_1_9,Pancreas,0
23T023931_mixpat_2_1,Pancreas,0.1
23T023931_mixpat_2_10,Pancreas,0.1
23T023931_mixpat_2_2,Pancreas,0.1
23T023931_mixpat_2_3,Pancreas,0.1
23T023931_mixpat_2_4,Pancreas,0.1
23T023931_mixpat_2_5,Pancreas,0.1
23T023931_mixpat_2_6,Pancreas,0.1
23T023931_mixpat_2_7,Pancreas,0.1
23T023931_mixpat_2_8,Pancreas,0.1
23T023931_mixpat_2_9,Pancreas,0.1
23T023931_mixpat_3_1,Pancreas,0.2
23T023931_mixpat_3_10,Pancreas,0.2
23T023931_mixpat_3_2,Pancreas,0.2
23T023931_mixpat_3_3,Pancreas,0.2
23T023931_mixpat_3_4,Pancreas,0.2
23T023931_mixpat_3_5,Pancreas,0.2
23T023931_mixpat_3_6,Pancreas,0.2
23T023931_mixpat_3_7,Pancreas,0.2
23T023931_mixpat_3_8,Pancreas,0.2
23T023931_mixpat_3_9,Pancreas,0.2
23T023931_mixpat_4_1,Pancreas,0.3
23T023931_mixpat_4_10,Pancreas,0.3
23T023931_mixpat_4_2,Pancreas,0.3
23T023931_mixpat_4_3,Pancreas,0.3
23T023931_mixpat_4_4,Pancreas,0.3
23T023931_mixpat_4_5,Pancreas,0.3
23T023931_mixpat_4_6,Pancreas,0.3
23T023931_mixpat_4_7,Pancreas,0.3
23T023931_mixpat_4_8,Pancreas,0.3
23T023931_mixpat_4_9,Pancreas,0.3
23T023931_mixpat_5_1,Pancreas,0.4
23T023931_mixpat_5_10,Pancreas,0.4
23T023931_mixpat_5_2,Pancreas,0.4
23T023931_mixpat_5_3,Pancreas,0.4
23T023931_mixpat_5_4,Pancreas,0.4
23T023931_mixpat_5_5,Pancreas,0.4
23T023931_mixpat_5_6,Pancreas,0.4
23T023931_mixpat_5_7,Pancreas,0.4
23T023931_mixpat_5_8,Pancreas,0.4
23T023931_mixpat_5_9,Pancreas,0.4
23T023931_mixpat_6_1,Pancreas,0.5
23T023931_mixpat_6_10,Pancreas,0.5
23T023931_mixpat_6_2,Pancreas,0.5
23T023931_mixpat_6_3,Pancreas,0.5
23T023931_mixpat_6_4,Pancreas,0.5
23T023931_mixpat_6_5,Pancreas,0.5
23T023931_mixpat_6_6,Pancreas,0.5
23T023931_mixpat_6_7,Pancreas,0.5
23T023931_mixpat_6_8,Pancreas,0.5
23T023931_mixpat_6_9,Pancreas,0.5
23T023931_mixpat_7_1,Pancreas,0.6
23T023931_mixpat_7_10,Pancreas,0.6
23T023931_mixpat_7_2,Pancreas,0.6
23T023931_mixpat_7_3,Pancreas,0.6
23T023931_mixpat_7_4,Pancreas,0.6
23T023931_mixpat_7_5,Pancreas,0.6
23T023931_mixpat_7_6,Pancreas,0.6
23T023931_mixpat_7_7,Pancreas,0.6
23T023931_mixpat_7_8,Pancreas,0.6
23T023931_mixpat_7_9,Pancreas,0.6
23T023931_mixpat_8_1,Pancreas,0.7
23T023931_mixpat_8_10,Pancreas,0.7
23T023931_mixpat_8_2,Pancreas,0.7
23T023931_mixpat_8_3,Pancreas,0.7
23T023931_mixpat_8_4,Pancreas,0.7
23T023931_mixpat_8_5,Pancreas,0.7
23T023931_mixpat_8_6,Pancreas,0.7
23T023931_mixpat_8_7,Pancreas,0.7
23T023931_mixpat_8_8,Pancreas,0.7
23T023931_mixpat_8_9,Pancreas,0.7
23T023931_mixpat_9_1,Pancreas,0.8
23T023931_mixpat_9_10,Pancreas,0.8
23T023931_mixpat_9_2,Pancreas,0.8
23T023931_mixpat_9_3,Pancreas,0.8
23T023931_mixpat_9_4,Pancreas,0.8
23T023931_mixpat_9_5,Pancreas,0.8
23T023931_mixpat_9_6,Pancreas,0.8
23T023931_mixpat_9_7,Pancreas,0.8
23T023931_mixpat_9_8,Pancreas,0.8
23T023931_mixpat_9_9,Pancreas,0.8
24T028655_mixpat_10_1,Ovary,0.9
24T028655_mixpat_10_10,Ovary,0.9
24T028655_mixpat_10_2,Ovary,0.9
24T028655_mixpat_10_3,Ovary,0.9
24T028655_mixpat_10_4,Ovary,0.9
24T028655_mixpat_10_5,Ovary,0.9
24T028655_mixpat_10_6,Ovary,0.9
24T028655_mixpat_10_7,Ovary,0.9
24T028655_mixpat_10_8,Ovary,0.9
24T028655_mixpat_10_9,Ovary,0.9
24T028655_mixpat_11_1,Ovary,1
24T028655_mixpat_11_10,Ovary,1
24T028655_mixpat_11_2,Ovary,1
24T028655_mixpat_11_3,Ovary,1
24T028655_mixpat_11_4,Ovary,1
24T028655_mixpat_11_5,Ovary,1
24T028655_mixpat_11_6,Ovary,1
24T028655_mixpat_11_7,Ovary,1
24T028655_mixpat_11_8,Ovary,1
24T028655_mixpat_11_9,Ovary,1
24T028655_mixpat_1_1,Ovary,0
24T028655_mixpat_1_10,Ovary,0
24T028655_mixpat_1_2,Ovary,0
24T028655_mixpat_1_3,Ovary,0
24T028655_mixpat_1_4,Ovary,0
24T028655_mixpat_1_5,Ovary,0
24T028655_mixpat_1_6,Ovary,0
24T028655_mixpat_1_7,Ovary,0
24T028655_mixpat_1_8,Ovary,0
24T028655_mixpat_1_9,Ovary,0
24T028655_mixpat_2_1,Ovary,0.1
24T028655_mixpat_2_10,Ovary,0.1
24T028655_mixpat_2_2,Ovary,0.1
24T028655_mixpat_2_3,Ovary,0.1
24T028655_mixpat_2_4,Ovary,0.1
24T028655_mixpat_2_5,Ovary,0.1
24T028655_mixpat_2_6,Ovary,0.1
24T028655_mixpat_2_7,Ovary,0.1
24T028655_mixpat_2_8,Ovary,0.1
24T028655_mixpat_2_9,Ovary,0.1
24T028655_mixpat_3_1,Ovary,0.2
24T028655_mixpat_3_10,Ovary,0.2
24T028655_mixpat_3_2,Ovary,0.2
24T028655_mixpat_3_3,Ovary,0.2
24T028655_mixpat_3_4,Ovary,0.2
24T028655_mixpat_3_5,Ovary,0.2
24T028655_mixpat_3_6,Ovary,0.2
24T028655_mixpat_3_7,Ovary,0.2
24T028655_mixpat_3_8,Ovary,0.2
24T028655_mixpat_3_9,Ovary,0.2
24T028655_mixpat_4_1,Ovary,0.3
24T028655_mixpat_4_10,Ovary,0.3
24T028655_mixpat_4_2,Ovary,0.3
24T028655_mixpat_4_3,Ovary,0.3
24T028655_mixpat_4_4,Ovary,0.3
24T028655_mixpat_4_5,Ovary,0.3
24T028655_mixpat_4_6,Ovary,0.3
24T028655_mixpat_4_7,Ovary,0.3
24T028655_mixpat_4_8,Ovary,0.3
24T028655_mixpat_4_9,Ovary,0.3
24T028655_mixpat_5_1,Ovary,0.4
24T028655_mixpat_5_10,Ovary,0.4
24T028655_mixpat_5_2,Ovary,0.4
24T028655_mixpat_5_3,Ovary,0.4
24T028655_mixpat_5_4,Ovary,0.4
24T028655_mixpat_5_5,Ovary,0.4
24T028655_mixpat_5_6,Ovary,0.4
24T028655_mixpat_5_7,Ovary,0.4
24T028655_mixpat_5_8,Ovary,0.4
24T028655_mixpat_5_9,Ovary,0.4
24T028655_mixpat_6_1,Ovary,0.5
24T028655_mixpat_6_10,Ovary,0.5
24T028655_mixpat_6_2,Ovary,0.5
24T028655_mixpat_6_3,Ovary,0.5
24T028655_mixpat_6_4,Ovary,0.5
24T028655_mixpat_6_5,Ovary,0.5
24T028655_mixpat_6_6,Ovary,0.5
24T028655_mixpat_6_7,Ovary,0.5
24T028655_mixpat_6_8,Ovary,0.5
24T028655_mixpat_6_9,Ovary,0.5
24T028655_mixpat_7_1,Ovary,0.6
24T028655_mixpat_7_10,Ovary,0.6
24T028655_mixpat_7_2,Ovary,0.6
24T028655_mixpat_7_3,Ovary,0.6
24T028655_mixpat_7_4,Ovary,0.6
24T028655_mixpat_7_5,Ovary,0.6
24T028655_mixpat_7_6,Ovary,0.6
24T028655_mixpat_7_7,Ovary,0.6
24T028655_mixpat_7_8,Ovary,0.6
24T028655_mixpat_7_9,Ovary,0.6
24T028655_mixpat_8_1,Ovary,0.7
24T028655_mixpat_8_10,Ovary,0.7
24T028655_mixpat_8_2,Ovary,0.7
24T028655_mixpat_8_3,Ovary,0.7
24T028655_mixpat_8_4,Ovary,0.7
24T028655_mixpat_8_5,Ovary,0.7
24T028655_mixpat_8_6,Ovary,0.7
24T028655_mixpat_8_7,Ovary,0.7
24T028655_mixpat_8_8,Ovary,0.7
24T028655_mixpat_8_9,Ovary,0.7
24T028655_mixpat_9_1,Ovary,0.8
24T028655_mixpat_9_10,Ovary,0.8
24T028655_mixpat_9_2,Ovary,0.8
24T028655_mixpat_9_3,Ovary,0.8
24T028655_mixpat_9_4,Ovary,0.8
24T028655_mixpat_9_5,Ovary,0.8
24T028655_mixpat_9_6,Ovary,0.8
24T028655_mixpat_9_7,Ovary,0.8
24T028655_mixpat_9_8,Ovary,0.8
24T028655_mixpat_9_9,Ovary,0.8
GSM1865997_mixpat_10_1,Sperm,0.9
GSM1865997_mixpat_10_10,Sperm,0.9
GSM1865997_mixpat_10_2,Sperm,0.9
GSM1865997_mixpat_10_3,Sperm,0.9
GSM1865997_mixpat_10_4,Sperm,0.9
GSM1865997_mixpat_10_5,Sperm,0.9
GSM1865997_mixpat_10_6,Sperm,0.9
GSM1865997_mixpat_10_7,Sperm,0.9
GSM1865997_mixpat_10_8,Sperm,0.9
GSM1865997_mixpat_10_9,Sperm,0.9
GSM1865997_mixpat_11_1,Sperm,1
GSM1865997_mixpat_11_10,Sperm,1
GSM1865997_mixpat_11_2,Sperm,1
GSM1865997_mixpat_11_3,Sperm,1
GSM1865997_mixpat_11_4,Sperm,1
GSM1865997_mixpat_11_5,Sperm,1
GSM1865997_mixpat_11_6,Sperm,1
GSM1865997_mixpat_11_7,Sperm,1
GSM1865997_mixpat_11_8,Sperm,1
GSM1865997_mixpat_11_9,Sperm,1
GSM1865997_mixpat_1_1,Sperm,0
GSM1865997_mixpat_1_10,Sperm,0
GSM1865997_mixpat_1_2,Sperm,0
GSM1865997_mixpat_1_3,Sperm,0
GSM1865997_mixpat_1_4,Sperm,0
GSM1865997_mixpat_1_5,Sperm,0
GSM1865997_mixpat_1_6,Sperm,0
GSM1865997_mixpat_1_7,Sperm,0
GSM1865997_mixpat_1_8,Sperm,0
GSM1865997_mixpat_1_9,Sperm,0
GSM1865997_mixpat_2_1,Sperm,0.1
GSM1865997_mixpat_2_10,Sperm,0.1
GSM1865997_mixpat_2_2,Sperm,0.1
GSM1865997_mixpat_2_3,Sperm,0.1
GSM1865997_mixpat_2_4,Sperm,0.1
GSM1865997_mixpat_2_5,Sperm,0.1
GSM1865997_mixpat_2_6,Sperm,0.1
GSM1865997_mixpat_2_7,Sperm,0.1
GSM1865997_mixpat_2_8,Sperm,0.1
GSM1865997_mixpat_2_9,Sperm,0.1
GSM1865997_mixpat_3_1,Sperm,0.2
GSM1865997_mixpat_3_10,Sperm,0.2
GSM1865997_mixpat_3_2,Sperm,0.2
GSM1865997_mixpat_3_3,Sperm,0.2
GSM1865997_mixpat_3_4,Sperm,0.2
GSM1865997_mixpat_3_5,Sperm,0.2
GSM1865997_mixpat_3_6,Sperm,0.2
GSM1865997_mixpat_3_7,Sperm,0.2
GSM1865997_mixpat_3_8,Sperm,0.2
GSM1865997_mixpat_3_9,Sperm,0.2
GSM1865997_mixpat_4_1,Sperm,0.3
GSM1865997_mixpat_4_10,Sperm,0.3
GSM1865997_mixpat_4_2,Sperm,0.3
GSM1865997_mixpat_4_3,Sperm,0.3
GSM1865997_mixpat_4_4,Sperm,0.3
GSM1865997_mixpat_4_5,Sperm,0.3
GSM1865997_mixpat_4_6,Sperm,0.3
GSM1865997_mixpat_4_7,Sperm,0.3
GSM1865997_mixpat_4_8,Sperm,0.3
GSM1865997_mixpat_4_9,Sperm,0.3
GSM1865997_mixpat_5_1,Sperm,0.4
GSM1865997_mixpat_5_10,Sperm,0.4
GSM1865997_mixpat_5_2,Sperm,0.4
GSM1865997_mixpat_5_3,Sperm,0.4
GSM1865997_mixpat_5_4,Sperm,0.4
GSM1865997_mixpat_5_5,Sperm,0.4
GSM1865997_mixpat_5_6,Sperm,0.4
GSM1865997_mixpat_5_7,Sperm,0.4
GSM1865997_mixpat_5_8,Sperm,0.4
GSM1865997_mixpat_5_9,Sperm,0.4
GSM1865997_mixpat_6_1,Sperm,0.5
GSM1865997_mixpat_6_10,Sperm,0.5
GSM1865997_mixpat_6_2,Sperm,0.5
GSM1865997_mixpat_6_3,Sperm,0.5
GSM1865997_mixpat_6_4,Sperm,0.5
GSM1865997_mixpat_6_5,Sperm,0.5
GSM1865997_mixpat_6_6,Sperm,0.5
GSM1865997_mixpat_6_7,Sperm,0.5
GSM1865997_mixpat_6_8,Sperm,0.5
GSM1865997_mixpat_6_9,Sperm,0.5
GSM1865997_mixpat_7_1,Sperm,0.6
GSM1865997_mixpat_7_10,Sperm,0.6
GSM1865997_mixpat_7_2,Sperm,0.6
GSM1865997_mixpat_7_3,Sperm,0.6
GSM1865997_mixpat_7_4,Sperm,0.6
GSM1865997_mixpat_7_5,Sperm,0.6
GSM1865997_mixpat_7_6,Sperm,0.6
GSM1865997_mixpat_7_7,Sperm,0.6
GSM1865997_mixpat_7_8,Sperm,0.6
GSM1865997_mixpat_7_9,Sperm,0.6
GSM1865997_mixpat_8_1,Sperm,0.7
GSM1865997_mixpat_8_10,Sperm,0.7
GSM1865997_mixpat_8_2,Sperm,0.7
GSM1865997_mixpat_8_3,Sperm,0.7
GSM1865997_mixpat_8_4,Sperm,0.7
GSM1865997_mixpat_8_5,Sperm,0.7
GSM1865997_mixpat_8_6,Sperm,0.7
GSM1865997_mixpat_8_7,Sperm,0.7
GSM1865997_mixpat_8_8,Sperm,0.7
GSM1865997_mixpat_8_9,Sperm,0.7
GSM1865997_mixpat_9_1,Sperm,0.8
GSM1865997_mixpat_9_10,Sperm,0.8
GSM1865997_mixpat_9_2,Sperm,0.8
GSM1865997_mixpat_9_3,Sperm,0.8
GSM1865997_mixpat_9_4,Sperm,0.8
GSM1865997_mixpat_9_5,Sperm,0.8
GSM1865997_mixpat_9_6,Sperm,0.8
GSM1865997_mixpat_9_7,Sperm,0.8
GSM1865997_mixpat_9_8,Sperm,0.8
GSM1865997_mixpat_9_9,Sperm,0.8
GSM2819622_mixpat_10_1,Liver,0.9
GSM2819622_mixpat_10_10,Liver,0.9
GSM2819622_mixpat_10_2,Liver,0.9
GSM2819622_mixpat_10_3,Liver,0.9
GSM2819622_mixpat_10_4,Liver,0.9
GSM2819622_mixpat_10_5,Liver,0.9
GSM2819622_mixpat_10_6,Liver,0.9
GSM2819622_mixpat_10_7,Liver,0.9
GSM2819622_mixpat_10_8,Liver,0.9
GSM2819622_mixpat_10_9,Liver,0.9
GSM2819622_mixpat_11_1,Liver,1
GSM2819622_mixpat_11_10,Liver,1
GSM2819622_mixpat_11_2,Liver,1
GSM2819622_mixpat_11_3,Liver,1
GSM2819622_mixpat_11_4,Liver,1
GSM2819622_mixpat_11_5,Liver,1
GSM2819622_mixpat_11_6,Liver,1
GSM2819622_mixpat_11_7,Liver,1
GSM2819622_mixpat_11_8,Liver,1
GSM2819622_mixpat_11_9,Liver,1
GSM2819622_mixpat_1_1,Liver,0
GSM2819622_mixpat_1_10,Liver,0
GSM2819622_mixpat_1_2,Liver,0
GSM2819622_mixpat_1_3,Liver,0
GSM2819622_mixpat_1_4,Liver,0
GSM2819622_mixpat_1_5,Liver,0
GSM2819622_mixpat_1_6,Liver,0
GSM2819622_mixpat_1_7,Liver,0
GSM2819622_mixpat_1_8,Liver,0
GSM2819622_mixpat_1_9,Liver,0
GSM2819622_mixpat_2_1,Liver,0.1
GSM2819622_mixpat_2_10,Liver,0.1
GSM2819622_mixpat_2_2,Liver,0.1
GSM2819622_mixpat_2_3,Liver,0.1
GSM2819622_mixpat_2_4,Liver,0.1
GSM2819622_mixpat_2_5,Liver,0.1
GSM2819622_mixpat_2_6,Liver,0.1
GSM2819622_mixpat_2_7,Liver,0.1
GSM2819622_mixpat_2_8,Liver,0.1
GSM2819622_mixpat_2_9,Liver,0.1
GSM2819622_mixpat_3_1,Liver,0.2
GSM2819622_mixpat_3_10,Liver,0.2
GSM2819622_mixpat_3_2,Liver,0.2
GSM2819622_mixpat_3_3,Liver,0.2
GSM2819622_mixpat_3_4,Liver,0.2
GSM2819622_mixpat_3_5,Liver,0.2
GSM2819622_mixpat_3_6,Liver,0.2
GSM2819622_mixpat_3_7,Liver,0.2
GSM2819622_mixpat_3_8,Liver,0.2
GSM2819622_mixpat_3_9,Liver,0.2
GSM2819622_mixpat_4_1,Liver,0.3
GSM2819622_mixpat_4_10,Liver,0.3
GSM2819622_mixpat_4_2,Liver,0.3
GSM2819622_mixpat_4_3,Liver,0.3
GSM2819622_mixpat_4_4,Liver,0.3
GSM2819622_mixpat_4_5,Liver,0.3
GSM2819622_mixpat_4_6,Liver,0.3
GSM2819622_mixpat_4_7,Liver,0.3
GSM2819622_mixpat_4_8,Liver,0.3
GSM2819622_mixpat_4_9,Liver,0.3
GSM2819622_mixpat_5_1,Liver,0.4
GSM2819622_mixpat_5_10,Liver,0.4
GSM2819622_mixpat_5_2,Liver,0.4
GSM2819622_mixpat_5_3,Liver,0.4
GSM2819622_mixpat_5_4,Liver,0.4
GSM2819622_mixpat_5_5,Liver,0.4
GSM2819622_mixpat_5_6,Liver,0.4
GSM2819622_mixpat_5_7,Liver,0.4
GSM2819622_mixpat_5_8,Liver,0.4
GSM2819622_mixpat_5_9,Liver,0.4
GSM2819622_mixpat_6_1,Liver,0.5
GSM2819622_mixpat_6_10,Liver,0.5
GSM2819622_mixpat_6_2,Liver,0.5
GSM2819622_mixpat_6_3,Liver,0.5
GSM2819622_mixpat_6_4,Liver,0.5
GSM2819622_mixpat_6_5,Liver,0.5
GSM2819622_mixpat_6_6,Liver,0.5
GSM2819622_mixpat_6_7,Liver,0.5
GSM2819622_mixpat_6_8,Liver,0.5
GSM2819622_mixpat_6_9,Liver,0.5
GSM2819622_mixpat_7_1,Liver,0.6
GSM2819622_mixpat_7_10,Liver,0.6
GSM2819622_mixpat_7_2,Liver,0.6
GSM2819622_mixpat_7_3,Liver,0.6
GSM2819622_mixpat_7_4,Liver,0.6
GSM2819622_mixpat_7_5,Liver,0.6
GSM2819622_mixpat_7_6,Liver,0.6
GSM2819622_mixpat_7_7,Liver,0.6
GSM2819622_mixpat_7_8,Liver,0.6
GSM2819622_mixpat_7_9,Liver,0.6
GSM2819622_mixpat_8_1,Liver,0.7
GSM2819622_mixpat_8_10,Liver,0.7
GSM2819622_mixpat_8_2,Liver,0.7
GSM2819622_mixpat_8_3,Liver,0.7
GSM2819622_mixpat_8_4,Liver,0.7
GSM2819622_mixpat_8_5,Liver,0.7
GSM2819622_mixpat_8_6,Liver,0.7
GSM2819622_mixpat_8_7,Liver,0.7
GSM2819622_mixpat_8_8,Liver,0.7
GSM2819622_mixpat_8_9,Liver,0.7
GSM2819622_mixpat_9_1,Liver,0.8
GSM2819622_mixpat_9_10,Liver,0.8
GSM2819622_mixpat_9_2,Liver,0.8
GSM2819622_mixpat_9_3,Liver,0.8
GSM2819622_mixpat_9_4,Liver,0.8
GSM2819622_mixpat_9_5,Liver,0.8
GSM2819622_mixpat_9_6,Liver,0.8
GSM2819622_mixpat_9_7,Liver,0.8
GSM2819622_mixpat_9_8,Liver,0.8
GSM2819622_mixpat_9_9,Liver,0.8
GSM2948422_mixpat_10_1,Trophoblasts,0.9
GSM2948422_mixpat_10_10,Trophoblasts,0.9
GSM2948422_mixpat_10_2,Trophoblasts,0.9
GSM2948422_mixpat_10_3,Trophoblasts,0.9
GSM2948422_mixpat_10_4,Trophoblasts,0.9
GSM2948422_mixpat_10_5,Trophoblasts,0.9
GSM2948422_mixpat_10_6,Trophoblasts,0.9
GSM2948422_mixpat_10_7,Trophoblasts,0.9
GSM2948422_mixpat_10_8,Trophoblasts,0.9
GSM2948422_mixpat_10_9,Trophoblasts,0.9
GSM2948422_mixpat_11_1,Trophoblasts,1
GSM2948422_mixpat_11_10,Trophoblasts,1
GSM2948422_mixpat_11_2,Trophoblasts,1
GSM2948422_mixpat_11_3,Trophoblasts,1
GSM2948422_mixpat_11_4,Trophoblasts,1
GSM2948422_mixpat_11_5,Trophoblasts,1
GSM2948422_mixpat_11_6,Trophoblasts,1
GSM2948422_mixpat_11_7,Trophoblasts,1
GSM2948422_mixpat_11_8,Trophoblasts,1
GSM2948422_mixpat_11_9,Trophoblasts,1
GSM2948422_mixpat_1_1,Trophoblasts,0
GSM2948422_mixpat_1_10,Trophoblasts,0
GSM2948422_mixpat_1_2,Trophoblasts,0
GSM2948422_mixpat_1_3,Trophoblasts,0
GSM2948422_mixpat_1_4,Trophoblasts,0
GSM2948422_mixpat_1_5,Trophoblasts,0
GSM2948422_mixpat_1_6,Trophoblasts,0
GSM2948422_mixpat_1_7,Trophoblasts,0
GSM2948422_mixpat_1_8,Trophoblasts,0
GSM2948422_mixpat_1_9,Trophoblasts,0
GSM2948422_mixpat_2_1,Trophoblasts,0.1
GSM2948422_mixpat_2_10,Trophoblasts,0.1
GSM2948422_mixpat_2_2,Trophoblasts,0.1
GSM2948422_mixpat_2_3,Trophoblasts,0.1
GSM2948422_mixpat_2_4,Trophoblasts,0.1
GSM2948422_mixpat_2_5,Trophoblasts,0.1
GSM2948422_mixpat_2_6,Trophoblasts,0.1
GSM2948422_mixpat_2_7,Trophoblasts,0.1
GSM2948422_mixpat_2_8,Trophoblasts,0.1
GSM2948422_mixpat_2_9,Trophoblasts,0.1
GSM2948422_mixpat_3_1,Trophoblasts,0.2
GSM2948422_mixpat_3_10,Trophoblasts,0.2
GSM2948422_mixpat_3_2,Trophoblasts,0.2
GSM2948422_mixpat_3_3,Trophoblasts,0.2
GSM2948422_mixpat_3_4,Trophoblasts,0.2
GSM2948422_mixpat_3_5,Trophoblasts,0.2
GSM2948422_mixpat_3_6,Trophoblasts,0.2
GSM2948422_mixpat_3_7,Trophoblasts,0.2
GSM2948422_mixpat_3_8,Trophoblasts,0.2
GSM2948422_mixpat_3_9,Trophoblasts,0.2
GSM2948422_mixpat_4_1,Trophoblasts,0.3
GSM2948422_mixpat_4_10,Trophoblasts,0.3
GSM2948422_mixpat_4_2,Trophoblasts,0.3
GSM2948422_mixpat_4_3,Trophoblasts,0.3
GSM2948422_mixpat_4_4,Trophoblasts,0.3
GSM2948422_mixpat_4_5,Trophoblasts,0.3
GSM2948422_mixpat_4_6,Trophoblasts,0.3
GSM2948422_mixpat_4_7,Trophoblasts,0.3
GSM2948422_mixpat_4_8,Trophoblasts,0.3
GSM2948422_mixpat_4_9,Trophoblasts,0.3
GSM2948422_mixpat_5_1,Trophoblasts,0.4
GSM2948422_mixpat_5_10,Trophoblasts,0.4
GSM2948422_mixpat_5_2,Trophoblasts,0.4
GSM2948422_mixpat_5_3,Trophoblasts,0.4
GSM2948422_mixpat_5_4,Trophoblasts,0.4
GSM2948422_mixpat_5_5,Trophoblasts,0.4
GSM2948422_mixpat_5_6,Trophoblasts,0.4
GSM2948422_mixpat_5_7,Trophoblasts,0.4
GSM2948422_mixpat_5_8,Trophoblasts,0.4
GSM2948422_mixpat_5_9,Trophoblasts,0.4
GSM2948422_mixpat_6_1,Trophoblasts,0.5
GSM2948422_mixpat_6_10,Trophoblasts,0.5
GSM2948422_mixpat_6_2,Trophoblasts,0.5
GSM2948422_mixpat_6_3,Trophoblasts,0.5
GSM2948422_mixpat_6_4,Trophoblasts,0.5
GSM2948422_mixpat_6_5,Trophoblasts,0.5
GSM2948422_mixpat_6_6,Trophoblasts,0.5
GSM2948422_mixpat_6_7,Trophoblasts,0.5
GSM2948422_mixpat_6_8,Trophoblasts,0.5
GSM2948422_mixpat_6_9,Trophoblasts,0.5
GSM2948422_mixpat_7_1,Trophoblasts,0.6
GSM2948422_mixpat_7_10,Trophoblasts,0.6
GSM2948422_mixpat_7_2,Trophoblasts,0.6
GSM2948422_mixpat_7_3,Trophoblasts,0.6
GSM2948422_mixpat_7_4,Trophoblasts,0.6
GSM2948422_mixpat_7_5,Trophoblasts,0.6
GSM2948422_mixpat_7_6,Trophoblasts,0.6
GSM2948422_mixpat_7_7,Trophoblasts,0.6
GSM2948422_mixpat_7_8,Trophoblasts,0.6
GSM2948422_mixpat_7_9,Trophoblasts,0.6
GSM2948422_mixpat_8_1,Trophoblasts,0.7
GSM2948422_mixpat_8_10,Trophoblasts,0.7
GSM2948422_mixpat_8_2,Trophoblasts,0.7
GSM2948422_mixpat_8_3,Trophoblasts,0.7
GSM2948422_mixpat_8_4,Trophoblasts,0.7
GSM2948422_mixpat_8_5,Trophoblasts,0.7
GSM2948422_mixpat_8_6,Trophoblasts,0.7
GSM2948422_mixpat_8_7,Trophoblasts,0.7
GSM2948422_mixpat_8_8,Trophoblasts,0.7
GSM2948422_mixpat_8_9,Trophoblasts,0.7
GSM2948422_mixpat_9_1,Trophoblasts,0.8
GSM2948422_mixpat_9_10,Trophoblasts,0.8
GSM2948422_mixpat_9_2,Trophoblasts,0.8
GSM2948422_mixpat_9_3,Trophoblasts,0.8
GSM2948422_mixpat_9_4,Trophoblasts,0.8
GSM2948422_mixpat_9_5,Trophoblasts,0.8
GSM2948422_mixpat_9_6,Trophoblasts,0.8
GSM2948422_mixpat_9_7,Trophoblasts,0.8
GSM2948422_mixpat_9_8,Trophoblasts,0.8
GSM2948422_mixpat_9_9,Trophoblasts,0.8
GSM3133008_mixpat_10_1,iPSCs,0.9
GSM3133008_mixpat_10_10,iPSCs,0.9
GSM3133008_mixpat_10_2,iPSCs,0.9
GSM3133008_mixpat_10_3,iPSCs,0.9
GSM3133008_mixpat_10_4,iPSCs,0.9
GSM3133008_mixpat_10_5,iPSCs,0.9
GSM3133008_mixpat_10_6,iPSCs,0.9
GSM3133008_mixpat_10_7,iPSCs,0.9
GSM3133008_mixpat_10_8,iPSCs,0.9
GSM3133008_mixpat_10_9,iPSCs,0.9
GSM3133008_mixpat_11_1,iPSCs,1
GSM3133008_mixpat_11_10,iPSCs,1
GSM3133008_mixpat_11_2,iPSCs,1
GSM3133008_mixpat_11_3,iPSCs,1
GSM3133008_mixpat_11_4,iPSCs,1
GSM3133008_mixpat_11_5,iPSCs,1
GSM3133008_mixpat_11_6,iPSCs,1
GSM3133008_mixpat_11_7,iPSCs,1
GSM3133008_mixpat_11_8,iPSCs,1
GSM3133008_mixpat_11_9,iPSCs,1
GSM3133008_mixpat_1_1,iPSCs,0
GSM3133008_mixpat_1_10,iPSCs,0
GSM3133008_mixpat_1_2,iPSCs,0
GSM3133008_mixpat_1_3,iPSCs,0
GSM3133008_mixpat_1_4,iPSCs,0
GSM3133008_mixpat_1_5,iPSCs,0
GSM3133008_mixpat_1_6,iPSCs,0
GSM3133008_mixpat_1_7,iPSCs,0
GSM3133008_mixpat_1_8,iPSCs,0
GSM3133008_mixpat_1_9,iPSCs,0
GSM3133008_mixpat_2_1,iPSCs,0.1
GSM3133008_mixpat_2_10,iPSCs,0.1
GSM3133008_mixpat_2_2,iPSCs,0.1
GSM3133008_mixpat_2_3,iPSCs,0.1
GSM3133008_mixpat_2_4,iPSCs,0.1
GSM3133008_mixpat_2_5,iPSCs,0.1
GSM3133008_mixpat_2_6,iPSCs,0.1
GSM3133008_mixpat_2_7,iPSCs,0.1
GSM3133008_mixpat_2_8,iPSCs,0.1
GSM3133008_mixpat_2_9,iPSCs,0.1
GSM3133008_mixpat_3_1,iPSCs,0.2
GSM3133008_mixpat_3_10,iPSCs,0.2
GSM3133008_mixpat_3_2,iPSCs,0.2
GSM3133008_mixpat_3_3,iPSCs,0.2
GSM3133008_mixpat_3_4,iPSCs,0.2
GSM3133008_mixpat_3_5,iPSCs,0.2
GSM3133008_mixpat_3_6,iPSCs,0.2
GSM3133008_mixpat_3_7,iPSCs,0.2
GSM3133008_mixpat_3_8,iPSCs,0.2
GSM3133008_mixpat_3_9,iPSCs,0.2
GSM3133008_mixpat_4_1,iPSCs,0.3
GSM3133008_mixpat_4_10,iPSCs,0.3
GSM3133008_mixpat_4_2,iPSCs,0.3
GSM3133008_mixpat_4_3,iPSCs,0.3
GSM3133008_mixpat_4_4,iPSCs,0.3
GSM3133008_mixpat_4_5,iPSCs,0.3
GSM3133008_mixpat_4_6,iPSCs,0.3
GSM3133008_mixpat_4_7,iPSCs,0.3
GSM3133008_mixpat_4_8,iPSCs,0.3
GSM3133008_mixpat_4_9,iPSCs,0.3
GSM3133008_mixpat_5_1,iPSCs,0.4
GSM3133008_mixpat_5_10,iPSCs,0.4
GSM3133008_mixpat_5_2,iPSCs,0.4
GSM3133008_mixpat_5_3,iPSCs,0.4
GSM3133008_mixpat_5_4,iPSCs,0.4
GSM3133008_mixpat_5_5,iPSCs,0.4
GSM3133008_mixpat_5_6,iPSCs,0.4
GSM3133008_mixpat_5_7,iPSCs,0.4
GSM3133008_mixpat_5_8,iPSCs,0.4
GSM3133008_mixpat_5_9,iPSCs,0.4
GSM3133008_mixpat_6_1,iPSCs,0.5
GSM3133008_mixpat_6_10,iPSCs,0.5
GSM3133008_mixpat_6_2,iPSCs,0.5
GSM3133008_mixpat_6_3,iPSCs,0.5
GSM3133008_mixpat_6_4,iPSCs,0.5
GSM3133008_mixpat_6_5,iPSCs,0.5
GSM3133008_mixpat_6_6,iPSCs,0.5
GSM3133008_mixpat_6_7,iPSCs,0.5
GSM3133008_mixpat_6_8,iPSCs,0.5
GSM3133008_mixpat_6_9,iPSCs,0.5
GSM3133008_mixpat_7_1,iPSCs,0.6
GSM3133008_mixpat_7_10,iPSCs,0.6
GSM3133008_mixpat_7_2,iPSCs,0.6
GSM3133008_mixpat_7_3,iPSCs,0.6
GSM3133008_mixpat_7_4,iPSCs,0.6
GSM3133008_mixpat_7_5,iPSCs,0.6
GSM3133008_mixpat_7_6,iPSCs,0.6
GSM3133008_mixpat_7_7,iPSCs,0.6
GSM3133008_mixpat_7_8,iPSCs,0.6
GSM3133008_mixpat_7_9,iPSCs,0.6
GSM3133008_mixpat_8_1,iPSCs,0.7
GSM3133008_mixpat_8_10,iPSCs,0.7
GSM3133008_mixpat_8_2,iPSCs,0.7
GSM3133008_mixpat_8_3,iPSCs,0.7
GSM3133008_mixpat_8_4,iPSCs,0.7
GSM3133008_mixpat_8_5,iPSCs,0.7
GSM3133008_mixpat_8_6,iPSCs,0.7
GSM3133008_mixpat_8_7,iPSCs,0.7
GSM3133008_mixpat_8_8,iPSCs,0.7
GSM3133008_mixpat_8_9,iPSCs,0.7
GSM3133008_mixpat_9_1,iPSCs,0.8
GSM3133008_mixpat_9_10,iPSCs,0.8
GSM3133008_mixpat_9_2,iPSCs,0.8
GSM3133008_mixpat_9_3,iPSCs,0.8
GSM3133008_mixpat_9_4,iPSCs,0.8
GSM3133008_mixpat_9_5,iPSCs,0.8
GSM3133008_mixpat_9_6,iPSCs,0.8
GSM3133008_mixpat_9_7,iPSCs,0.8
GSM3133008_mixpat_9_8,iPSCs,0.8
GSM3133008_mixpat_9_9,iPSCs,0.8
GSM3150564_mixpat_10_1,Breast,0.9
GSM3150564_mixpat_10_10,Breast,0.9
GSM3150564_mixpat_10_2,Breast,0.9
GSM3150564_mixpat_10_3,Breast,0.9
GSM3150564_mixpat_10_4,Breast,0.9
GSM3150564_mixpat_10_5,Breast,0.9
GSM3150564_mixpat_10_6,Breast,0.9
GSM3150564_mixpat_10_7,Breast,0.9
GSM3150564_mixpat_10_8,Breast,0.9
GSM3150564_mixpat_10_9,Breast,0.9
GSM3150564_mixpat_11_1,Breast,1
GSM3150564_mixpat_11_10,Breast,1
GSM3150564_mixpat_11_2,Breast,1
GSM3150564_mixpat_11_3,Breast,1
GSM3150564_mixpat_11_4,Breast,1
GSM3150564_mixpat_11_5,Breast,1
GSM3150564_mixpat_11_6,Breast,1
GSM3150564_mixpat_11_7,Breast,1
GSM3150564_mixpat_11_8,Breast,1
GSM3150564_mixpat_11_9,Breast,1
GSM3150564_mixpat_1_1,Breast,0
GSM3150564_mixpat_1_10,Breast,0
GSM3150564_mixpat_1_2,Breast,0
GSM3150564_mixpat_1_3,Breast,0
GSM3150564_mixpat_1_4,Breast,0
GSM3150564_mixpat_1_5,Breast,0
GSM3150564_mixpat_1_6,Breast,0
GSM3150564_mixpat_1_7,Breast,0
GSM3150564_mixpat_1_8,Breast,0
GSM3150564_mixpat_1_9,Breast,0
GSM3150564_mixpat_2_1,Breast,0.1
GSM3150564_mixpat_2_10,Breast,0.1
GSM3150564_mixpat_2_2,Breast,0.1
GSM3150564_mixpat_2_3,Breast,0.1
GSM3150564_mixpat_2_4,Breast,0.1
GSM3150564_mixpat_2_5,Breast,0.1
GSM3150564_mixpat_2_6,Breast,0.1
GSM3150564_mixpat_2_7,Breast,0.1
GSM3150564_mixpat_2_8,Breast,0.1
GSM3150564_mixpat_2_9,Breast,0.1
GSM3150564_mixpat_3_1,Breast,0.2
GSM3150564_mixpat_3_10,Breast,0.2
GSM3150564_mixpat_3_2,Breast,0.2
GSM3150564_mixpat_3_3,Breast,0.2
GSM3150564_mixpat_3_4,Breast,0.2
GSM3150564_mixpat_3_5,Breast,0.2
GSM3150564_mixpat_3_6,Breast,0.2
GSM3150564_mixpat_3_7,Breast,0.2
GSM3150564_mixpat_3_8,Breast,0.2
GSM3150564_mixpat_3_9,Breast,0.2
GSM3150564_mixpat_4_1,Breast,0.3
GSM3150564_mixpat_4_10,Breast,0.3
GSM3150564_mixpat_4_2,Breast,0.3
GSM3150564_mixpat_4_3,Breast,0.3
GSM3150564_mixpat_4_4,Breast,0.3
GSM3150564_mixpat_4_5,Breast,0.3
GSM3150564_mixpat_4_6,Breast,0.3
GSM3150564_mixpat_4_7,Breast,0.3
GSM3150564_mixpat_4_8,Breast,0.3
GSM3150564_mixpat_4_9,Breast,0.3
GSM3150564_mixpat_5_1,Breast,0.4
GSM3150564_mixpat_5_10,Breast,0.4
GSM3150564_mixpat_5_2,Breast,0.4
GSM3150564_mixpat_5_3,Breast,0.4
GSM3150564_mixpat_5_4,Breast,0.4
GSM3150564_mixpat_5_5,Breast,0.4
GSM3150564_mixpat_5_6,Breast,0.4
GSM3150564_mixpat_5_7,Breast,0.4
GSM3150564_mixpat_5_8,Breast,0.4
GSM3150564_mixpat_5_9,Breast,0.4
GSM3150564_mixpat_6_1,Breast,0.5
GSM3150564_mixpat_6_10,Breast,0.5
GSM3150564_mixpat_6_2,Breast,0.5
GSM3150564_mixpat_6_3,Breast,0.5
GSM3150564_mixpat_6_4,Breast,0.5
GSM3150564_mixpat_6_5,Breast,0.5
GSM3150564_mixpat_6_6,Breast,0.5
GSM3150564_mixpat_6_7,Breast,0.5
GSM3150564_mixpat_6_8,Breast,0.5
GSM3150564_mixpat_6_9,Breast,0.5
GSM3150564_mixpat_7_1,Breast,0.6
GSM3150564_mixpat_7_10,Breast,0.6
GSM3150564_mixpat_7_2,Breast,0.6
GSM3150564_mixpat_7_3,Breast,0.6
GSM3150564_mixpat_7_4,Breast,0.6
GSM3150564_mixpat_7_5,Breast,0.6
GSM3150564_mixpat_7_6,Breast,0.6
GSM3150564_mixpat_7_7,Breast,0.6
GSM3150564_mixpat_7_8,Breast,0.6
GSM3150564_mixpat_7_9,Breast,0.6
GSM3150564_mixpat_8_1,Breast,0.7
GSM3150564_mixpat_8_10,Breast,0.7
GSM3150564_mixpat_8_2,Breast,0.7
GSM3150564_mixpat_8_3,Breast,0.7
GSM3150564_mixpat_8_4,Breast,0.7
GSM3150564_mixpat_8_5,Breast,0.7
GSM3150564_mixpat_8_6,Breast,0.7
GSM3150564_mixpat_8_7,Breast,0.7
GSM3150564_mixpat_8_8,Breast,0.7
GSM3150564_mixpat_8_9,Breast,0.7
GSM3150564_mixpat_9_1,Breast,0.8
GSM3150564_mixpat_9_10,Breast,0.8
GSM3150564_mixpat_9_2,Breast,0.8
GSM3150564_mixpat_9_3,Breast,0.8
GSM3150564_mixpat_9_4,Breast,0.8
GSM3150564_mixpat_9_5,Breast,0.8
GSM3150564_mixpat_9_6,Breast,0.8
GSM3150564_mixpat_9_7,Breast,0.8
GSM3150564_mixpat_9_8,Breast,0.8
GSM3150564_mixpat_9_9,Breast,0.8
GSM7427238_mixpat_10_1,Skin,0.9
GSM7427238_mixpat_10_10,Skin,0.9
GSM7427238_mixpat_10_2,Skin,0.9
GSM7427238_mixpat_10_3,Skin,0.9
GSM7427238_mixpat_10_4,Skin,0.9
GSM7427238_mixpat_10_5,Skin,0.9
GSM7427238_mixpat_10_6,Skin,0.9
GSM7427238_mixpat_10_7,Skin,0.9
GSM7427238_mixpat_10_8,Skin,0.9
GSM7427238_mixpat_10_9,Skin,0.9
GSM7427238_mixpat_11_1,Skin,1
GSM7427238_mixpat_11_10,Skin,1
GSM7427238_mixpat_11_2,Skin,1
GSM7427238_mixpat_11_3,Skin,1
GSM7427238_mixpat_11_4,Skin,1
GSM7427238_mixpat_11_5,Skin,1
GSM7427238_mixpat_11_6,Skin,1
GSM7427238_mixpat_11_7,Skin,1
GSM7427238_mixpat_11_8,Skin,1
GSM7427238_mixpat_11_9,Skin,1
GSM7427238_mixpat_1_1,Skin,0
GSM7427238_mixpat_1_10,Skin,0
GSM7427238_mixpat_1_2,Skin,0
GSM7427238_mixpat_1_3,Skin,0
GSM7427238_mixpat_1_4,Skin,0
GSM7427238_mixpat_1_5,Skin,0
GSM7427238_mixpat_1_6,Skin,0
GSM7427238_mixpat_1_7,Skin,0
GSM7427238_mixpat_1_8,Skin,0
GSM7427238_mixpat_1_9,Skin,0
GSM7427238_mixpat_2_1,Skin,0.1
GSM7427238_mixpat_2_10,Skin,0.1
GSM7427238_mixpat_2_2,Skin,0.1
GSM7427238_mixpat_2_3,Skin,0.1
GSM7427238_mixpat_2_4,Skin,0.1
GSM7427238_mixpat_2_5,Skin,0.1
GSM7427238_mixpat_2_6,Skin,0.1
GSM7427238_mixpat_2_7,Skin,0.1
GSM7427238_mixpat_2_8,Skin,0.1
GSM7427238_mixpat_2_9,Skin,0.1
GSM7427238_mixpat_3_1,Skin,0.2
GSM7427238_mixpat_3_10,Skin,0.2
GSM7427238_mixpat_3_2,Skin,0.2
GSM7427238_mixpat_3_3,Skin,0.2
GSM7427238_mixpat_3_4,Skin,0.2
GSM7427238_mixpat_3_5,Skin,0.2
GSM7427238_mixpat_3_6,Skin,0.2
GSM7427238_mixpat_3_7,Skin,0.2
GSM7427238_mixpat_3_8,Skin,0.2
GSM7427238_mixpat_3_9,Skin,0.2
GSM7427238_mixpat_4_1,Skin,0.3
GSM7427238_mixpat_4_10,Skin,0.3
GSM7427238_mixpat_4_2,Skin,0.3
GSM7427238_mixpat_4_3,Skin,0.3
GSM7427238_mixpat_4_4,Skin,0.3
GSM7427238_mixpat_4_5,Skin,0.3
GSM7427238_mixpat_4_6,Skin,0.3
GSM7427238_mixpat_4_7,Skin,0.3
GSM7427238_mixpat_4_8,Skin,0.3
GSM7427238_mixpat_4_9,Skin,0.3
GSM7427238_mixpat_5_1,Skin,0.4
GSM7427238_mixpat_5_10,Skin,0.4
GSM7427238_mixpat_5_2,Skin,0.4
GSM7427238_mixpat_5_3,Skin,0.4
GSM7427238_mixpat_5_4,Skin,0.4
GSM7427238_mixpat_5_5,Skin,0.4
GSM7427238_mixpat_5_6,Skin,0.4
GSM7427238_mixpat_5_7,Skin,0.4
GSM7427238_mixpat_5_8,Skin,0.4
GSM7427238_mixpat_5_9,Skin,0.4
GSM7427238_mixpat_6_1,Skin,0.5
GSM7427238_mixpat_6_10,Skin,0.5
GSM7427238_mixpat_6_2,Skin,0.5
GSM7427238_mixpat_6_3,Skin,0.5
GSM7427238_mixpat_6_4,Skin,0.5
GSM7427238_mixpat_6_5,Skin,0.5
GSM7427238_mixpat_6_6,Skin,0.5
GSM7427238_mixpat_6_7,Skin,0.5
GSM7427238_mixpat_6_8,Skin,0.5
GSM7427238_mixpat_6_9,Skin,0.5
GSM7427238_mixpat_7_1,Skin,0.6
GSM7427238_mixpat_7_10,Skin,0.6
GSM7427238_mixpat_7_2,Skin,0.6
GSM7427238_mixpat_7_3,Skin,0.6
GSM7427238_mixpat_7_4,Skin,0.6
GSM7427238_mixpat_7_5,Skin,0.6
GSM7427238_mixpat_7_6,Skin,0.6
GSM7427238_mixpat_7_7,Skin,0.6
GSM7427238_mixpat_7_8,Skin,0.6
GSM7427238_mixpat_7_9,Skin,0.6
GSM7427238_mixpat_8_1,Skin,0.7
GSM7427238_mixpat_8_10,Skin,0.7
GSM7427238_mixpat_8_2,Skin,0.7
GSM7427238_mixpat_8_3,Skin,0.7
GSM7427238_mixpat_8_4,Skin,0.7
GSM7427238_mixpat_8_5,Skin,0.7
GSM7427238_mixpat_8_6,Skin,0.7
GSM7427238_mixpat_8_7,Skin,0.7
GSM7427238_mixpat_8_8,Skin,0.7
GSM7427238_mixpat_8_9,Skin,0.7
GSM7427238_mixpat_9_1,Skin,0.8
GSM7427238_mixpat_9_10,Skin,0.8
GSM7427238_mixpat_9_2,Skin,0.8
GSM7427238_mixpat_9_3,Skin,0.8
GSM7427238_mixpat_9_4,Skin,0.8
GSM7427238_mixpat_9_5,Skin,0.8
GSM7427238_mixpat_9_6,Skin,0.8
GSM7427238_mixpat_9_7,Skin,0.8
GSM7427238_mixpat_9_8,Skin,0.8
GSM7427238_mixpat_9_9,Skin,0.8
GSM7427243_mixpat_10_1,Kidney,0.9
GSM7427243_mixpat_10_10,Kidney,0.9
GSM7427243_mixpat_10_2,Kidney,0.9
GSM7427243_mixpat_10_3,Kidney,0.9
GSM7427243_mixpat_10_4,Kidney,0.9
GSM7427243_mixpat_10_5,Kidney,0.9
GSM7427243_mixpat_10_6,Kidney,0.9
GSM7427243_mixpat_10_7,Kidney,0.9
GSM7427243_mixpat_10_8,Kidney,0.9
GSM7427243_mixpat_10_9,Kidney,0.9
GSM7427243_mixpat_11_1,Kidney,1
GSM7427243_mixpat_11_10,Kidney,1
GSM7427243_mixpat_11_2,Kidney,1
GSM7427243_mixpat_11_3,Kidney,1
GSM7427243_mixpat_11_4,Kidney,1
GSM7427243_mixpat_11_5,Kidney,1
GSM7427243_mixpat_11_6,Kidney,1
GSM7427243_mixpat_11_7,Kidney,1
GSM7427243_mixpat_11_8,Kidney,1
GSM7427243_mixpat_11_9,Kidney,1
GSM7427243_mixpat_1_1,Kidney,0
GSM7427243_mixpat_1_10,Kidney,0
GSM7427243_mixpat_1_2,Kidney,0
GSM7427243_mixpat_1_3,Kidney,0
GSM7427243_mixpat_1_4,Kidney,0
GSM7427243_mixpat_1_5,Kidney,0
GSM7427243_mixpat_1_6,Kidney,0
GSM7427243_mixpat_1_7,Kidney,0
GSM7427243_mixpat_1_8,Kidney,0
GSM7427243_mixpat_1_9,Kidney,0
GSM7427243_mixpat_2_1,Kidney,0.1
GSM7427243_mixpat_2_10,Kidney,0.1
GSM7427243_mixpat_2_2,Kidney,0.1
GSM7427243_mixpat_2_3,Kidney,0.1
GSM7427243_mixpat_2_4,Kidney,0.1
GSM7427243_mixpat_2_5,Kidney,0.1
GSM7427243_mixpat_2_6,Kidney,0.1
GSM7427243_mixpat_2_7,Kidney,0.1
GSM7427243_mixpat_2_8,Kidney,0.1
GSM7427243_mixpat_2_9,Kidney,0.1
GSM7427243_mixpat_3_1,Kidney,0.2
GSM7427243_mixpat_3_10,Kidney,0.2
GSM7427243_mixpat_3_2,Kidney,0.2
GSM7427243_mixpat_3_3,Kidney,0.2
GSM7427243_mixpat_3_4,Kidney,0.2
GSM7427243_mixpat_3_5,Kidney,0.2
GSM7427243_mixpat_3_6,Kidney,0.2
GSM7427243_mixpat_3_7,Kidney,0.2
GSM7427243_mixpat_3_8,Kidney,0.2
GSM7427243_mixpat_3_9,Kidney,0.2
GSM7427243_mixpat_4_1,Kidney,0.3
GSM7427243_mixpat_4_10,Kidney,0.3
GSM7427243_mixpat_4_2,Kidney,0.3
GSM7427243_mixpat_4_3,Kidney,0.3
GSM7427243_mixpat_4_4,Kidney,0.3
GSM7427243_mixpat_4_5,Kidney,0.3
GSM7427243_mixpat_4_6,Kidney,0.3
GSM7427243_mixpat_4_7,Kidney,0.3
GSM7427243_mixpat_4_8,Kidney,0.3
GSM7427243_mixpat_4_9,Kidney,0.3
GSM7427243_mixpat_5_1,Kidney,0.4
GSM7427243_mixpat_5_10,Kidney,0.4
GSM7427243_mixpat_5_2,Kidney,0.4
GSM7427243_mixpat_5_3,Kidney,0.4
GSM7427243_mixpat_5_4,Kidney,0.4
GSM7427243_mixpat_5_5,Kidney,0.4
GSM7427243_mixpat_5_6,Kidney,0.4
GSM7427243_mixpat_5_7,Kidney,0.4
GSM7427243_mixpat_5_8,Kidney,0.4
GSM7427243_mixpat_5_9,Kidney,0.4
GSM7427243_mixpat_6_1,Kidney,0.5
GSM7427243_mixpat_6_10,Kidney,0.5
GSM7427243_mixpat_6_2,Kidney,0.5
GSM7427243_mixpat_6_3,Kidney,0.5
GSM7427243_mixpat_6_4,Kidney,0.5
GSM7427243_mixpat_6_5,Kidney,0.5
GSM7427243_mixpat_6_6,Kidney,0.5
GSM7427243_mixpat_6_7,Kidney,0.5
GSM7427243_mixpat_6_8,Kidney,0.5
GSM7427243_mixpat_6_9,Kidney,0.5
GSM7427243_mixpat_7_1,Kidney,0.6
GSM7427243_mixpat_7_10,Kidney,0.6
GSM7427243_mixpat_7_2,Kidney,0.6
GSM7427243_mixpat_7_3,Kidney,0.6
GSM7427243_mixpat_7_4,Kidney,0.6
GSM7427243_mixpat_7_5,Kidney,0.6
GSM7427243_mixpat_7_6,Kidney,0.6
GSM7427243_mixpat_7_7,Kidney,0.6
GSM7427243_mixpat_7_8,Kidney,0.6
GSM7427243_mixpat_7_9,Kidney,0.6
GSM7427243_mixpat_8_1,Kidney,0.7
GSM7427243_mixpat_8_10,Kidney,0.7
GSM7427243_mixpat_8_2,Kidney,0.7
GSM7427243_mixpat_8_3,Kidney,0.7
GSM7427243_mixpat_8_4,Kidney,0.7
GSM7427243_mixpat_8_5,Kidney,0.7
GSM7427243_mixpat_8_6,Kidney,0.7
GSM7427243_mixpat_8_7,Kidney,0.7
GSM7427243_mixpat_8_8,Kidney,0.7
GSM7427243_mixpat_8_9,Kidney,0.7
GSM7427243_mixpat_9_1,Kidney,0.8
GSM7427243_mixpat_9_10,Kidney,0.8
GSM7427243_mixpat_9_2,Kidney,0.8
GSM7427243_mixpat_9_3,Kidney,0.8
GSM7427243_mixpat_9_4,Kidney,0.8
GSM7427243_mixpat_9_5,Kidney,0.8
GSM7427243_mixpat_9_6,Kidney,0.8
GSM7427243_mixpat_9_7,Kidney,0.8
GSM7427243_mixpat_9_8,Kidney,0.8
GSM7427243_mixpat_9_9,Kidney,0.8
GSM7427252_mixpat_10_1,Nerve,0.9
GSM7427252_mixpat_10_10,Nerve,0.9
GSM7427252_mixpat_10_2,Nerve,0.9
GSM7427252_mixpat_10_3,Nerve,0.9
GSM7427252_mixpat_10_4,Nerve,0.9
GSM7427252_mixpat_10_5,Nerve,0.9
GSM7427252_mixpat_10_6,Nerve,0.9
GSM7427252_mixpat_10_7,Nerve,0.9
GSM7427252_mixpat_10_8,Nerve,0.9
GSM7427252_mixpat_10_9,Nerve,0.9
GSM7427252_mixpat_11_1,Nerve,1
GSM7427252_mixpat_11_10,Nerve,1
GSM7427252_mixpat_11_2,Nerve,1
GSM7427252_mixpat_11_3,Nerve,1
GSM7427252_mixpat_11_4,Nerve,1
GSM7427252_mixpat_11_5,Nerve,1
GSM7427252_mixpat_11_6,Nerve,1
GSM7427252_mixpat_11_7,Nerve,1
GSM7427252_mixpat_11_8,Nerve,1
GSM7427252_mixpat_11_9,Nerve,1
GSM7427252_mixpat_1_1,Nerve,0
GSM7427252_mixpat_1_10,Nerve,0
GSM7427252_mixpat_1_2,Nerve,0
GSM7427252_mixpat_1_3,Nerve,0
GSM7427252_mixpat_1_4,Nerve,0
GSM7427252_mixpat_1_5,Nerve,0
GSM7427252_mixpat_1_6,Nerve,0
GSM7427252_mixpat_1_7,Nerve,0
GSM7427252_mixpat_1_8,Nerve,0
GSM7427252_mixpat_1_9,Nerve,0
GSM7427252_mixpat_2_1,Nerve,0.1
GSM7427252_mixpat_2_10,Nerve,0.1
GSM7427252_mixpat_2_2,Nerve,0.1
GSM7427252_mixpat_2_3,Nerve,0.1
GSM7427252_mixpat_2_4,Nerve,0.1
GSM7427252_mixpat_2_5,Nerve,0.1
GSM7427252_mixpat_2_6,Nerve,0.1
GSM7427252_mixpat_2_7,Nerve,0.1
GSM7427252_mixpat_2_8,Nerve,0.1
GSM7427252_mixpat_2_9,Nerve,0.1
GSM7427252_mixpat_3_1,Nerve,0.2
GSM7427252_mixpat_3_10,Nerve,0.2
GSM7427252_mixpat_3_2,Nerve,0.2
GSM7427252_mixpat_3_3,Nerve,0.2
GSM7427252_mixpat_3_4,Nerve,0.2
GSM7427252_mixpat_3_5,Nerve,0.2
GSM7427252_mixpat_3_6,Nerve,0.2
GSM7427252_mixpat_3_7,Nerve,0.2
GSM7427252_mixpat_3_8,Nerve,0.2
GSM7427252_mixpat_3_9,Nerve,0.2
GSM7427252_mixpat_4_1,Nerve,0.3
GSM7427252_mixpat_4_10,Nerve,0.3
GSM7427252_mixpat_4_2,Nerve,0.3
GSM7427252_mixpat_4_3,Nerve,0.3
GSM7427252_mixpat_4_4,Nerve,0.3
GSM7427252_mixpat_4_5,Nerve,0.3
GSM7427252_mixpat_4_6,Nerve,0.3
GSM7427252_mixpat_4_7,Nerve,0.3
GSM7427252_mixpat_4_8,Nerve,0.3
GSM7427252_mixpat_4_9,Nerve,0.3
GSM7427252_mixpat_5_1,Nerve,0.4
GSM7427252_mixpat_5_10,Nerve,0.4
GSM7427252_mixpat_5_2,Nerve,0.4
GSM7427252_mixpat_5_3,Nerve,0.4
GSM7427252_mixpat_5_4,Nerve,0.4
GSM7427252_mixpat_5_5,Nerve,0.4
GSM7427252_mixpat_5_6,Nerve,0.4
GSM7427252_mixpat_5_7,Nerve,0.4
GSM7427252_mixpat_5_8,Nerve,0.4
GSM7427252_mixpat_5_9,Nerve,0.4
GSM7427252_mixpat_6_1,Nerve,0.5
GSM7427252_mixpat_6_10,Nerve,0.5
GSM7427252_mixpat_6_2,Nerve,0.5
GSM7427252_mixpat_6_3,Nerve,0.5
GSM7427252_mixpat_6_4,Nerve,0.5
GSM7427252_mixpat_6_5,Nerve,0.5
GSM7427252_mixpat_6_6,Nerve,0.5
GSM7427252_mixpat_6_7,Nerve,0.5
GSM7427252_mixpat_6_8,Nerve,0.5
GSM7427252_mixpat_6_9,Nerve,0.5
GSM7427252_mixpat_7_1,Nerve,0.6
GSM7427252_mixpat_7_10,Nerve,0.6
GSM7427252_mixpat_7_2,Nerve,0.6
GSM7427252_mixpat_7_3,Nerve,0.6
GSM7427252_mixpat_7_4,Nerve,0.6
GSM7427252_mixpat_7_5,Nerve,0.6
GSM7427252_mixpat_7_6,Nerve,0.6
GSM7427252_mixpat_7_7,Nerve,0.6
GSM7427252_mixpat_7_8,Nerve,0.6
GSM7427252_mixpat_7_9,Nerve,0.6
GSM7427252_mixpat_8_1,Nerve,0.7
GSM7427252_mixpat_8_10,Nerve,0.7
GSM7427252_mixpat_8_2,Nerve,0.7
GSM7427252_mixpat_8_3,Nerve,0.7
GSM7427252_mixpat_8_4,Nerve,0.7
GSM7427252_mixpat_8_5,Nerve,0.7
GSM7427252_mixpat_8_6,Nerve,0.7
GSM7427252_mixpat_8_7,Nerve,0.7
GSM7427252_mixpat_8_8,Nerve,0.7
GSM7427252_mixpat_8_9,Nerve,0.7
GSM7427252_mixpat_9_1,Nerve,0.8
GSM7427252_mixpat_9_10,Nerve,0.8
GSM7427252_mixpat_9_2,Nerve,0.8
GSM7427252_mixpat_9_3,Nerve,0.8
GSM7427252_mixpat_9_4,Nerve,0.8
GSM7427252_mixpat_9_5,Nerve,0.8
GSM7427252_mixpat_9_6,Nerve,0.8
GSM7427252_mixpat_9_7,Nerve,0.8
GSM7427252_mixpat_9_8,Nerve,0.8
GSM7427252_mixpat_9_9,Nerve,0.8
GSM7427254_mixpat_10_1,Pituitary,0.9
GSM7427254_mixpat_10_10,Pituitary,0.9
GSM7427254_mixpat_10_2,Pituitary,0.9
GSM7427254_mixpat_10_3,Pituitary,0.9
GSM7427254_mixpat_10_4,Pituitary,0.9
GSM7427254_mixpat_10_5,Pituitary,0.9
GSM7427254_mixpat_10_6,Pituitary,0.9
GSM7427254_mixpat_10_7,Pituitary,0.9
GSM7427254_mixpat_10_8,Pituitary,0.9
GSM7427254_mixpat_10_9,Pituitary,0.9
GSM7427254_mixpat_11_1,Pituitary,1
GSM7427254_mixpat_11_10,Pituitary,1
GSM7427254_mixpat_11_2,Pituitary,1
GSM7427254_mixpat_11_3,Pituitary,1
GSM7427254_mixpat_11_4,Pituitary,1
GSM7427254_mixpat_11_5,Pituitary,1
GSM7427254_mixpat_11_6,Pituitary,1
GSM7427254_mixpat_11_7,Pituitary,1
GSM7427254_mixpat_11_8,Pituitary,1
GSM7427254_mixpat_11_9,Pituitary,1
GSM7427254_mixpat_1_1,Pituitary,0
GSM7427254_mixpat_1_10,Pituitary,0
GSM7427254_mixpat_1_2,Pituitary,0
GSM7427254_mixpat_1_3,Pituitary,0
GSM7427254_mixpat_1_4,Pituitary,0
GSM7427254_mixpat_1_5,Pituitary,0
GSM7427254_mixpat_1_6,Pituitary,0
GSM7427254_mixpat_1_7,Pituitary,0
GSM7427254_mixpat_1_8,Pituitary,0
GSM7427254_mixpat_1_9,Pituitary,0
GSM7427254_mixpat_2_1,Pituitary,0.1
GSM7427254_mixpat_2_10,Pituitary,0.1
GSM7427254_mixpat_2_2,Pituitary,0.1
GSM7427254_mixpat_2_3,Pituitary,0.1
GSM7427254_mixpat_2_4,Pituitary,0.1
GSM7427254_mixpat_2_5,Pituitary,0.1
GSM7427254_mixpat_2_6,Pituitary,0.1
GSM7427254_mixpat_2_7,Pituitary,0.1
GSM7427254_mixpat_2_8,Pituitary,0.1
GSM7427254_mixpat_2_9,Pituitary,0.1
GSM7427254_mixpat_3_1,Pituitary,0.2
GSM7427254_mixpat_3_10,Pituitary,0.2
GSM7427254_mixpat_3_2,Pituitary,0.2
GSM7427254_mixpat_3_3,Pituitary,0.2
GSM7427254_mixpat_3_4,Pituitary,0.2
GSM7427254_mixpat_3_5,Pituitary,0.2
GSM7427254_mixpat_3_6,Pituitary,0.2
GSM7427254_mixpat_3_7,Pituitary,0.2
GSM7427254_mixpat_3_8,Pituitary,0.2
GSM7427254_mixpat_3_9,Pituitary,0.2
GSM7427254_mixpat_4_1,Pituitary,0.3
GSM7427254_mixpat_4_10,Pituitary,0.3
GSM7427254_mixpat_4_2,Pituitary,0.3
GSM7427254_mixpat_4_3,Pituitary,0.3
GSM7427254_mixpat_4_4,Pituitary,0.3
GSM7427254_mixpat_4_5,Pituitary,0.3
GSM7427254_mixpat_4_6,Pituitary,0.3
GSM7427254_mixpat_4_7,Pituitary,0.3
GSM7427254_mixpat_4_8,Pituitary,0.3
GSM7427254_mixpat_4_9,Pituitary,0.3
GSM7427254_mixpat_5_1,Pituitary,0.4
GSM7427254_mixpat_5_10,Pituitary,0.4
GSM7427254_mixpat_5_2,Pituitary,0.4
GSM7427254_mixpat_5_3,Pituitary,0.4
GSM7427254_mixpat_5_4,Pituitary,0.4
GSM7427254_mixpat_5_5,Pituitary,0.4
GSM7427254_mixpat_5_6,Pituitary,0.4
GSM7427254_mixpat_5_7,Pituitary,0.4
GSM7427254_mixpat_5_8,Pituitary,0.4
GSM7427254_mixpat_5_9,Pituitary,0.4
GSM7427254_mixpat_6_1,Pituitary,0.5
GSM7427254_mixpat_6_10,Pituitary,0.5
GSM7427254_mixpat_6_2,Pituitary,0.5
GSM7427254_mixpat_6_3,Pituitary,0.5
GSM7427254_mixpat_6_4,Pituitary,0.5
GSM7427254_mixpat_6_5,Pituitary,0.5
GSM7427254_mixpat_6_6,Pituitary,0.5
GSM7427254_mixpat_6_7,Pituitary,0.5
GSM7427254_mixpat_6_8,Pituitary,0.5
GSM7427254_mixpat_6_9,Pituitary,0.5
GSM7427254_mixpat_7_1,Pituitary,0.6
GSM7427254_mixpat_7_10,Pituitary,0.6
GSM7427254_mixpat_7_2,Pituitary,0.6
GSM7427254_mixpat_7_3,Pituitary,0.6
GSM7427254_mixpat_7_4,Pituitary,0.6
GSM7427254_mixpat_7_5,Pituitary,0.6
GSM7427254_mixpat_7_6,Pituitary,0.6
GSM7427254_mixpat_7_7,Pituitary,0.6
GSM7427254_mixpat_7_8,Pituitary,0.6
GSM7427254_mixpat_7_9,Pituitary,0.6
GSM7427254_mixpat_8_1,Pituitary,0.7
GSM7427254_mixpat_8_10,Pituitary,0.7
GSM7427254_mixpat_8_2,Pituitary,0.7
GSM7427254_mixpat_8_3,Pituitary,0.7
GSM7427254_mixpat_8_4,Pituitary,0.7
GSM7427254_mixpat_8_5,Pituitary,0.7
GSM7427254_mixpat_8_6,Pituitary,0.7
GSM7427254_mixpat_8_7,Pituitary,0.7
GSM7427254_mixpat_8_8,Pituitary,0.7
GSM7427254_mixpat_8_9,Pituitary,0.7
GSM7427254_mixpat_9_1,Pituitary,0.8
GSM7427254_mixpat_9_10,Pituitary,0.8
GSM7427254_mixpat_9_2,Pituitary,0.8
GSM7427254_mixpat_9_3,Pituitary,0.8
GSM7427254_mixpat_9_4,Pituitary,0.8
GSM7427254_mixpat_9_5,Pituitary,0.8
GSM7427254_mixpat_9_6,Pituitary,0.8
GSM7427254_mixpat_9_7,Pituitary,0.8
GSM7427254_mixpat_9_8,Pituitary,0.8
GSM7427254_mixpat_9_9,Pituitary,0.8
GSM7427257_mixpat_10_1,Muscle,0.9
GSM7427257_mixpat_10_10,Muscle,0.9
GSM7427257_mixpat_10_2,Muscle,0.9
GSM7427257_mixpat_10_3,Muscle,0.9
GSM7427257_mixpat_10_4,Muscle,0.9
GSM7427257_mixpat_10_5,Muscle,0.9
GSM7427257_mixpat_10_6,Muscle,0.9
GSM7427257_mixpat_10_7,Muscle,0.9
GSM7427257_mixpat_10_8,Muscle,0.9
GSM7427257_mixpat_10_9,Muscle,0.9
GSM7427257_mixpat_11_1,Muscle,1
GSM7427257_mixpat_11_10,Muscle,1
GSM7427257_mixpat_11_2,Muscle,1
GSM7427257_mixpat_11_3,Muscle,1
GSM7427257_mixpat_11_4,Muscle,1
GSM7427257_mixpat_11_5,Muscle,1
GSM7427257_mixpat_11_6,Muscle,1
GSM7427257_mixpat_11_7,Muscle,1
GSM7427257_mixpat_11_8,Muscle,1
GSM7427257_mixpat_11_9,Muscle,1
GSM7427257_mixpat_1_1,Muscle,0
GSM7427257_mixpat_1_10,Muscle,0
GSM7427257_mixpat_1_2,Muscle,0
GSM7427257_mixpat_1_3,Muscle,0
GSM7427257_mixpat_1_4,Muscle,0
GSM7427257_mixpat_1_5,Muscle,0
GSM7427257_mixpat_1_6,Muscle,0
GSM7427257_mixpat_1_7,Muscle,0
GSM7427257_mixpat_1_8,Muscle,0
GSM7427257_mixpat_1_9,Muscle,0
GSM7427257_mixpat_2_1,Muscle,0.1
GSM7427257_mixpat_2_10,Muscle,0.1
GSM7427257_mixpat_2_2,Muscle,0.1
GSM7427257_mixpat_2_3,Muscle,0.1
GSM7427257_mixpat_2_4,Muscle,0.1
GSM7427257_mixpat_2_5,Muscle,0.1
GSM7427257_mixpat_2_6,Muscle,0.1
GSM7427257_mixpat_2_7,Muscle,0.1
GSM7427257_mixpat_2_8,Muscle,0.1
GSM7427257_mixpat_2_9,Muscle,0.1
GSM7427257_mixpat_3_1,Muscle,0.2
GSM7427257_mixpat_3_10,Muscle,0.2
GSM7427257_mixpat_3_2,Muscle,0.2
GSM7427257_mixpat_3_3,Muscle,0.2
GSM7427257_mixpat_3_4,Muscle,0.2
GSM7427257_mixpat_3_5,Muscle,0.2
GSM7427257_mixpat_3_6,Muscle,0.2
GSM7427257_mixpat_3_7,Muscle,0.2
GSM7427257_mixpat_3_8,Muscle,0.2
GSM7427257_mixpat_3_9,Muscle,0.2
GSM7427257_mixpat_4_1,Muscle,0.3
GSM7427257_mixpat_4_10,Muscle,0.3
GSM7427257_mixpat_4_2,Muscle,0.3
GSM7427257_mixpat_4_3,Muscle,0.3
GSM7427257_mixpat_4_4,Muscle,0.3
GSM7427257_mixpat_4_5,Muscle,0.3
GSM7427257_mixpat_4_6,Muscle,0.3
GSM7427257_mixpat_4_7,Muscle,0.3
GSM7427257_mixpat_4_8,Muscle,0.3
GSM7427257_mixpat_4_9,Muscle,0.3
GSM7427257_mixpat_5_1,Muscle,0.4
GSM7427257_mixpat_5_10,Muscle,0.4
GSM7427257_mixpat_5_2,Muscle,0.4
GSM7427257_mixpat_5_3,Muscle,0.4
GSM7427257_mixpat_5_4,Muscle,0.4
GSM7427257_mixpat_5_5,Muscle,0.4
GSM7427257_mixpat_5_6,Muscle,0.4
GSM7427257_mixpat_5_7,Muscle,0.4
GSM7427257_mixpat_5_8,Muscle,0.4
GSM7427257_mixpat_5_9,Muscle,0.4
GSM7427257_mixpat_6_1,Muscle,0.5
GSM7427257_mixpat_6_10,Muscle,0.5
GSM7427257_mixpat_6_2,Muscle,0.5
GSM7427257_mixpat_6_3,Muscle,0.5
GSM7427257_mixpat_6_4,Muscle,0.5
GSM7427257_mixpat_6_5,Muscle,0.5
GSM7427257_mixpat_6_6,Muscle,0.5
GSM7427257_mixpat_6_7,Muscle,0.5
GSM7427257_mixpat_6_8,Muscle,0.5
GSM7427257_mixpat_6_9,Muscle,0.5
GSM7427257_mixpat_7_1,Muscle,0.6
GSM7427257_mixpat_7_10,Muscle,0.6
GSM7427257_mixpat_7_2,Muscle,0.6
GSM7427257_mixpat_7_3,Muscle,0.6
GSM7427257_mixpat_7_4,Muscle,0.6
GSM7427257_mixpat_7_5,Muscle,0.6
GSM7427257_mixpat_7_6,Muscle,0.6
GSM7427257_mixpat_7_7,Muscle,0.6
GSM7427257_mixpat_7_8,Muscle,0.6
GSM7427257_mixpat_7_9,Muscle,0.6
GSM7427257_mixpat_8_1,Muscle,0.7
GSM7427257_mixpat_8_10,Muscle,0.7
GSM7427257_mixpat_8_2,Muscle,0.7
GSM7427257_mixpat_8_3,Muscle,0.7
GSM7427257_mixpat_8_4,Muscle,0.7
GSM7427257_mixpat_8_5,Muscle,0.7
GSM7427257_mixpat_8_6,Muscle,0.7
GSM7427257_mixpat_8_7,Muscle,0.7
GSM7427257_mixpat_8_8,Muscle,0.7
GSM7427257_mixpat_8_9,Muscle,0.7
GSM7427257_mixpat_9_1,Muscle,0.8
GSM7427257_mixpat_9_10,Muscle,0.8
GSM7427257_mixpat_9_2,Muscle,0.8
GSM7427257_mixpat_9_3,Muscle,0.8
GSM7427257_mixpat_9_4,Muscle,0.8
GSM7427257_mixpat_9_5,Muscle,0.8
GSM7427257_mixpat_9_6,Muscle,0.8
GSM7427257_mixpat_9_7,Muscle,0.8
GSM7427257_mixpat_9_8,Muscle,0.8
GSM7427257_mixpat_9_9,Muscle,0.8
GSM7427259_mixpat_10_1,Adrenal_Gland,0.9
GSM7427259_mixpat_10_10,Adrenal_Gland,0.9
GSM7427259_mixpat_10_2,Adrenal_Gland,0.9
GSM7427259_mixpat_10_3,Adrenal_Gland,0.9
GSM7427259_mixpat_10_4,Adrenal_Gland,0.9
GSM7427259_mixpat_10_5,Adrenal_Gland,0.9
GSM7427259_mixpat_10_6,Adrenal_Gland,0.9
GSM7427259_mixpat_10_7,Adrenal_Gland,0.9
GSM7427259_mixpat_10_8,Adrenal_Gland,0.9
GSM7427259_mixpat_10_9,Adrenal_Gland,0.9
GSM7427259_mixpat_11_1,Adrenal_Gland,1
GSM7427259_mixpat_11_10,Adrenal_Gland,1
GSM7427259_mixpat_11_2,Adrenal_Gland,1
GSM7427259_mixpat_11_3,Adrenal_Gland,1
GSM7427259_mixpat_11_4,Adrenal_Gland,1
GSM7427259_mixpat_11_5,Adrenal_Gland,1
GSM7427259_mixpat_11_6,Adrenal_Gland,1
GSM7427259_mixpat_11_7,Adrenal_Gland,1
GSM7427259_mixpat_11_8,Adrenal_Gland,1
GSM7427259_mixpat_11_9,Adrenal_Gland,1
GSM7427259_mixpat_1_1,Adrenal_Gland,0
GSM7427259_mixpat_1_10,Adrenal_Gland,0
GSM7427259_mixpat_1_2,Adrenal_Gland,0
GSM7427259_mixpat_1_3,Adrenal_Gland,0
GSM7427259_mixpat_1_4,Adrenal_Gland,0
GSM7427259_mixpat_1_5,Adrenal_Gland,0
GSM7427259_mixpat_1_6,Adrenal_Gland,0
GSM7427259_mixpat_1_7,Adrenal_Gland,0
GSM7427259_mixpat_1_8,Adrenal_Gland,0
GSM7427259_mixpat_1_9,Adrenal_Gland,0
GSM7427259_mixpat_2_1,Adrenal_Gland,0.1
GSM7427259_mixpat_2_10,Adrenal_Gland,0.1
GSM7427259_mixpat_2_2,Adrenal_Gland,0.1
GSM7427259_mixpat_2_3,Adrenal_Gland,0.1
GSM7427259_mixpat_2_4,Adrenal_Gland,0.1
GSM7427259_mixpat_2_5,Adrenal_Gland,0.1
GSM7427259_mixpat_2_6,Adrenal_Gland,0.1
GSM7427259_mixpat_2_7,Adrenal_Gland,0.1
GSM7427259_mixpat_2_8,Adrenal_Gland,0.1
GSM7427259_mixpat_2_9,Adrenal_Gland,0.1
GSM7427259_mixpat_3_1,Adrenal_Gland,0.2
GSM7427259_mixpat_3_10,Adrenal_Gland,0.2
GSM7427259_mixpat_3_2,Adrenal_Gland,0.2
GSM7427259_mixpat_3_3,Adrenal_Gland,0.2
GSM7427259_mixpat_3_4,Adrenal_Gland,0.2
GSM7427259_mixpat_3_5,Adrenal_Gland,0.2
GSM7427259_mixpat_3_6,Adrenal_Gland,0.2
GSM7427259_mixpat_3_7,Adrenal_Gland,0.2
GSM7427259_mixpat_3_8,Adrenal_Gland,0.2
GSM7427259_mixpat_3_9,Adrenal_Gland,0.2
GSM7427259_mixpat_4_1,Adrenal_Gland,0.3
GSM7427259_mixpat_4_10,Adrenal_Gland,0.3
GSM7427259_mixpat_4_2,Adrenal_Gland,0.3
GSM7427259_mixpat_4_3,Adrenal_Gland,0.3
GSM7427259_mixpat_4_4,Adrenal_Gland,0.3
GSM7427259_mixpat_4_5,Adrenal_Gland,0.3
GSM7427259_mixpat_4_6,Adrenal_Gland,0.3
GSM7427259_mixpat_4_7,Adrenal_Gland,0.3
GSM7427259_mixpat_4_8,Adrenal_Gland,0.3
GSM7427259_mixpat_4_9,Adrenal_Gland,0.3
GSM7427259_mixpat_5_1,Adrenal_Gland,0.4
GSM7427259_mixpat_5_10,Adrenal_Gland,0.4
GSM7427259_mixpat_5_2,Adrenal_Gland,0.4
GSM7427259_mixpat_5_3,Adrenal_Gland,0.4
GSM7427259_mixpat_5_4,Adrenal_Gland,0.4
GSM7427259_mixpat_5_5,Adrenal_Gland,0.4
GSM7427259_mixpat_5_6,Adrenal_Gland,0.4
GSM7427259_mixpat_5_7,Adrenal_Gland,0.4
GSM7427259_mixpat_5_8,Adrenal_Gland,0.4
GSM7427259_mixpat_5_9,Adrenal_Gland,0.4
GSM7427259_mixpat_6_1,Adrenal_Gland,0.5
GSM7427259_mixpat_6_10,Adrenal_Gland,0.5
GSM7427259_mixpat_6_2,Adrenal_Gland,0.5
GSM7427259_mixpat_6_3,Adrenal_Gland,0.5
GSM7427259_mixpat_6_4,Adrenal_Gland,0.5
GSM7427259_mixpat_6_5,Adrenal_Gland,0.5
GSM7427259_mixpat_6_6,Adrenal_Gland,0.5
GSM7427259_mixpat_6_7,Adrenal_Gland,0.5
GSM7427259_mixpat_6_8,Adrenal_Gland,0.5
GSM7427259_mixpat_6_9,Adrenal_Gland,0.5
GSM7427259_mixpat_7_1,Adrenal_Gland,0.6
GSM7427259_mixpat_7_10,Adrenal_Gland,0.6
GSM7427259_mixpat_7_2,Adrenal_Gland,0.6
GSM7427259_mixpat_7_3,Adrenal_Gland,0.6
GSM7427259_mixpat_7_4,Adrenal_Gland,0.6
GSM7427259_mixpat_7_5,Adrenal_Gland,0.6
GSM7427259_mixpat_7_6,Adrenal_Gland,0.6
GSM7427259_mixpat_7_7,Adrenal_Gland,0.6
GSM7427259_mixpat_7_8,Adrenal_Gland,0.6
GSM7427259_mixpat_7_9,Adrenal_Gland,0.6
GSM7427259_mixpat_8_1,Adrenal_Gland,0.7
GSM7427259_mixpat_8_10,Adrenal_Gland,0.7
GSM7427259_mixpat_8_2,Adrenal_Gland,0.7
GSM7427259_mixpat_8_3,Adrenal_Gland,0.7
GSM7427259_mixpat_8_4,Adrenal_Gland,0.7
GSM7427259_mixpat_8_5,Adrenal_Gland,0.7
GSM7427259_mixpat_8_6,Adrenal_Gland,0.7
GSM7427259_mixpat_8_7,Adrenal_Gland,0.7
GSM7427259_mixpat_8_8,Adrenal_Gland,0.7
GSM7427259_mixpat_8_9,Adrenal_Gland,0.7
GSM7427259_mixpat_9_1,Adrenal_Gland,0.8
GSM7427259_mixpat_9_10,Adrenal_Gland,0.8
GSM7427259_mixpat_9_2,Adrenal_Gland,0.8
GSM7427259_mixpat_9_3,Adrenal_Gland,0.8
GSM7427259_mixpat_9_4,Adrenal_Gland,0.8
GSM7427259_mixpat_9_5,Adrenal_Gland,0.8
GSM7427259_mixpat_9_6,Adrenal_Gland,0.8
GSM7427259_mixpat_9_7,Adrenal_Gland,0.8
GSM7427259_mixpat_9_8,Adrenal_Gland,0.8
GSM7427259_mixpat_9_9,Adrenal_Gland,0.8
GSM7427261_mixpat_10_1,Blood_Vessel,0.9
GSM7427261_mixpat_10_10,Blood_Vessel,0.9
GSM7427261_mixpat_10_2,Blood_Vessel,0.9
GSM7427261_mixpat_10_3,Blood_Vessel,0.9
GSM7427261_mixpat_10_4,Blood_Vessel,0.9
GSM7427261_mixpat_10_5,Blood_Vessel,0.9
GSM7427261_mixpat_10_6,Blood_Vessel,0.9
GSM7427261_mixpat_10_7,Blood_Vessel,0.9
GSM7427261_mixpat_10_8,Blood_Vessel,0.9
GSM7427261_mixpat_10_9,Blood_Vessel,0.9
GSM7427261_mixpat_11_1,Blood_Vessel,1
GSM7427261_mixpat_11_10,Blood_Vessel,1
GSM7427261_mixpat_11_2,Blood_Vessel,1
GSM7427261_mixpat_11_3,Blood_Vessel,1
GSM7427261_mixpat_11_4,Blood_Vessel,1
GSM7427261_mixpat_11_5,Blood_Vessel,1
GSM7427261_mixpat_11_6,Blood_Vessel,1
GSM7427261_mixpat_11_7,Blood_Vessel,1
GSM7427261_mixpat_11_8,Blood_Vessel,1
GSM7427261_mixpat_11_9,Blood_Vessel,1
GSM7427261_mixpat_1_1,Blood_Vessel,0
GSM7427261_mixpat_1_10,Blood_Vessel,0
GSM7427261_mixpat_1_2,Blood_Vessel,0
GSM7427261_mixpat_1_3,Blood_Vessel,0
GSM7427261_mixpat_1_4,Blood_Vessel,0
GSM7427261_mixpat_1_5,Blood_Vessel,0
GSM7427261_mixpat_1_6,Blood_Vessel,0
GSM7427261_mixpat_1_7,Blood_Vessel,0
GSM7427261_mixpat_1_8,Blood_Vessel,0
GSM7427261_mixpat_1_9,Blood_Vessel,0
GSM7427261_mixpat_2_1,Blood_Vessel,0.1
GSM7427261_mixpat_2_10,Blood_Vessel,0.1
GSM7427261_mixpat_2_2,Blood_Vessel,0.1
GSM7427261_mixpat_2_3,Blood_Vessel,0.1
GSM7427261_mixpat_2_4,Blood_Vessel,0.1
GSM7427261_mixpat_2_5,Blood_Vessel,0.1
GSM7427261_mixpat_2_6,Blood_Vessel,0.1
GSM7427261_mixpat_2_7,Blood_Vessel,0.1
GSM7427261_mixpat_2_8,Blood_Vessel,0.1
GSM7427261_mixpat_2_9,Blood_Vessel,0.1
GSM7427261_mixpat_3_1,Blood_Vessel,0.2
GSM7427261_mixpat_3_10,Blood_Vessel,0.2
GSM7427261_mixpat_3_2,Blood_Vessel,0.2
GSM7427261_mixpat_3_3,Blood_Vessel,0.2
GSM7427261_mixpat_3_4,Blood_Vessel,0.2
GSM7427261_mixpat_3_5,Blood_Vessel,0.2
GSM7427261_mixpat_3_6,Blood_Vessel,0.2
GSM7427261_mixpat_3_7,Blood_Vessel,0.2
GSM7427261_mixpat_3_8,Blood_Vessel,0.2
GSM7427261_mixpat_3_9,Blood_Vessel,0.2
GSM7427261_mixpat_4_1,Blood_Vessel,0.3
GSM7427261_mixpat_4_10,Blood_Vessel,0.3
GSM7427261_mixpat_4_2,Blood_Vessel,0.3
GSM7427261_mixpat_4_3,Blood_Vessel,0.3
GSM7427261_mixpat_4_4,Blood_Vessel,0.3
GSM7427261_mixpat_4_5,Blood_Vessel,0.3
GSM7427261_mixpat_4_6,Blood_Vessel,0.3
GSM7427261_mixpat_4_7,Blood_Vessel,0.3
GSM7427261_mixpat_4_8,Blood_Vessel,0.3
GSM7427261_mixpat_4_9,Blood_Vessel,0.3
GSM7427261_mixpat_5_1,Blood_Vessel,0.4
GSM7427261_mixpat_5_10,Blood_Vessel,0.4
GSM7427261_mixpat_5_2,Blood_Vessel,0.4
GSM7427261_mixpat_5_3,Blood_Vessel,0.4
GSM7427261_mixpat_5_4,Blood_Vessel,0.4
GSM7427261_mixpat_5_5,Blood_Vessel,0.4
GSM7427261_mixpat_5_6,Blood_Vessel,0.4
GSM7427261_mixpat_5_7,Blood_Vessel,0.4
GSM7427261_mixpat_5_8,Blood_Vessel,0.4
GSM7427261_mixpat_5_9,Blood_Vessel,0.4
GSM7427261_mixpat_6_1,Blood_Vessel,0.5
GSM7427261_mixpat_6_10,Blood_Vessel,0.5
GSM7427261_mixpat_6_2,Blood_Vessel,0.5
GSM7427261_mixpat_6_3,Blood_Vessel,0.5
GSM7427261_mixpat_6_4,Blood_Vessel,0.5
GSM7427261_mixpat_6_5,Blood_Vessel,0.5
GSM7427261_mixpat_6_6,Blood_Vessel,0.5
GSM7427261_mixpat_6_7,Blood_Vessel,0.5
GSM7427261_mixpat_6_8,Blood_Vessel,0.5
GSM7427261_mixpat_6_9,Blood_Vessel,0.5
GSM7427261_mixpat_7_1,Blood_Vessel,0.6
GSM7427261_mixpat_7_10,Blood_Vessel,0.6
GSM7427261_mixpat_7_2,Blood_Vessel,0.6
GSM7427261_mixpat_7_3,Blood_Vessel,0.6
GSM7427261_mixpat_7_4,Blood_Vessel,0.6
GSM7427261_mixpat_7_5,Blood_Vessel,0.6
GSM7427261_mixpat_7_6,Blood_Vessel,0.6
GSM7427261_mixpat_7_7,Blood_Vessel,0.6
GSM7427261_mixpat_7_8,Blood_Vessel,0.6
GSM7427261_mixpat_7_9,Blood_Vessel,0.6
GSM7427261_mixpat_8_1,Blood_Vessel,0.7
GSM7427261_mixpat_8_10,Blood_Vessel,0.7
GSM7427261_mixpat_8_2,Blood_Vessel,0.7
GSM7427261_mixpat_8_3,Blood_Vessel,0.7
GSM7427261_mixpat_8_4,Blood_Vessel,0.7
GSM7427261_mixpat_8_5,Blood_Vessel,0.7
GSM7427261_mixpat_8_6,Blood_Vessel,0.7
GSM7427261_mixpat_8_7,Blood_Vessel,0.7
GSM7427261_mixpat_8_8,Blood_Vessel,0.7
GSM7427261_mixpat_8_9,Blood_Vessel,0.7
GSM7427261_mixpat_9_1,Blood_Vessel,0.8
GSM7427261_mixpat_9_10,Blood_Vessel,0.8
GSM7427261_mixpat_9_2,Blood_Vessel,0.8
GSM7427261_mixpat_9_3,Blood_Vessel,0.8
GSM7427261_mixpat_9_4,Blood_Vessel,0.8
GSM7427261_mixpat_9_5,Blood_Vessel,0.8
GSM7427261_mixpat_9_6,Blood_Vessel,0.8
GSM7427261_mixpat_9_7,Blood_Vessel,0.8
GSM7427261_mixpat_9_8,Blood_Vessel,0.8
GSM7427261_mixpat_9_9,Blood_Vessel,0.8
GSM7427350_mixpat_10_1,Uterus,0.9
GSM7427350_mixpat_10_10,Uterus,0.9
GSM7427350_mixpat_10_2,Uterus,0.9
GSM7427350_mixpat_10_3,Uterus,0.9
GSM7427350_mixpat_10_4,Uterus,0.9
GSM7427350_mixpat_10_5,Uterus,0.9
GSM7427350_mixpat_10_6,Uterus,0.9
GSM7427350_mixpat_10_7,Uterus,0.9
GSM7427350_mixpat_10_8,Uterus,0.9
GSM7427350_mixpat_10_9,Uterus,0.9
GSM7427350_mixpat_11_1,Uterus,1
GSM7427350_mixpat_11_10,Uterus,1
GSM7427350_mixpat_11_2,Uterus,1
GSM7427350_mixpat_11_3,Uterus,1
GSM7427350_mixpat_11_4,Uterus,1
GSM7427350_mixpat_11_5,Uterus,1
GSM7427350_mixpat_11_6,Uterus,1
GSM7427350_mixpat_11_7,Uterus,1
GSM7427350_mixpat_11_8,Uterus,1
GSM7427350_mixpat_11_9,Uterus,1
GSM7427350_mixpat_1_1,Uterus,0
GSM7427350_mixpat_1_10,Uterus,0
GSM7427350_mixpat_1_2,Uterus,0
GSM7427350_mixpat_1_3,Uterus,0
GSM7427350_mixpat_1_4,Uterus,0
GSM7427350_mixpat_1_5,Uterus,0
GSM7427350_mixpat_1_6,Uterus,0
GSM7427350_mixpat_1_7,Uterus,0
GSM7427350_mixpat_1_8,Uterus,0
GSM7427350_mixpat_1_9,Uterus,0
GSM7427350_mixpat_2_1,Uterus,0.1
GSM7427350_mixpat_2_10,Uterus,0.1
GSM7427350_mixpat_2_2,Uterus,0.1
GSM7427350_mixpat_2_3,Uterus,0.1
GSM7427350_mixpat_2_4,Uterus,0.1
GSM7427350_mixpat_2_5,Uterus,0.1
GSM7427350_mixpat_2_6,Uterus,0.1
GSM7427350_mixpat_2_7,Uterus,0.1
GSM7427350_mixpat_2_8,Uterus,0.1
GSM7427350_mixpat_2_9,Uterus,0.1
GSM7427350_mixpat_3_1,Uterus,0.2
GSM7427350_mixpat_3_10,Uterus,0.2
GSM7427350_mixpat_3_2,Uterus,0.2
GSM7427350_mixpat_3_3,Uterus,0.2
GSM7427350_mixpat_3_4,Uterus,0.2
GSM7427350_mixpat_3_5,Uterus,0.2
GSM7427350_mixpat_3_6,Uterus,0.2
GSM7427350_mixpat_3_7,Uterus,0.2
GSM7427350_mixpat_3_8,Uterus,0.2
GSM7427350_mixpat_3_9,Uterus,0.2
GSM7427350_mixpat_4_1,Uterus,0.3
GSM7427350_mixpat_4_10,Uterus,0.3
GSM7427350_mixpat_4_2,Uterus,0.3
GSM7427350_mixpat_4_3,Uterus,0.3
GSM7427350_mixpat_4_4,Uterus,0.3
GSM7427350_mixpat_4_5,Uterus,0.3
GSM7427350_mixpat_4_6,Uterus,0.3
GSM7427350_mixpat_4_7,Uterus,0.3
GSM7427350_mixpat_4_8,Uterus,0.3
GSM7427350_mixpat_4_9,Uterus,0.3
GSM7427350_mixpat_5_1,Uterus,0.4
GSM7427350_mixpat_5_10,Uterus,0.4
GSM7427350_mixpat_5_2,Uterus,0.4
GSM7427350_mixpat_5_3,Uterus,0.4
GSM7427350_mixpat_5_4,Uterus,0.4
GSM7427350_mixpat_5_5,Uterus,0.4
GSM7427350_mixpat_5_6,Uterus,0.4
GSM7427350_mixpat_5_7,Uterus,0.4
GSM7427350_mixpat_5_8,Uterus,0.4
GSM7427350_mixpat_5_9,Uterus,0.4
GSM7427350_mixpat_6_1,Uterus,0.5
GSM7427350_mixpat_6_10,Uterus,0.5
GSM7427350_mixpat_6_2,Uterus,0.5
GSM7427350_mixpat_6_3,Uterus,0.5
GSM7427350_mixpat_6_4,Uterus,0.5
GSM7427350_mixpat_6_5,Uterus,0.5
GSM7427350_mixpat_6_6,Uterus,0.5
GSM7427350_mixpat_6_7,Uterus,0.5
GSM7427350_mixpat_6_8,Uterus,0.5
GSM7427350_mixpat_6_9,Uterus,0.5
GSM7427350_mixpat_7_1,Uterus,0.6
GSM7427350_mixpat_7_10,Uterus,0.6
GSM7427350_mixpat_7_2,Uterus,0.6
GSM7427350_mixpat_7_3,Uterus,0.6
GSM7427350_mixpat_7_4,Uterus,0.6
GSM7427350_mixpat_7_5,Uterus,0.6
GSM7427350_mixpat_7_6,Uterus,0.6
GSM7427350_mixpat_7_7,Uterus,0.6
GSM7427350_mixpat_7_8,Uterus,0.6
GSM7427350_mixpat_7_9,Uterus,0.6
GSM7427350_mixpat_8_1,Uterus,0.7
GSM7427350_mixpat_8_10,Uterus,0.7
GSM7427350_mixpat_8_2,Uterus,0.7
GSM7427350_mixpat_8_3,Uterus,0.7
GSM7427350_mixpat_8_4,Uterus,0.7
GSM7427350_mixpat_8_5,Uterus,0.7
GSM7427350_mixpat_8_6,Uterus,0.7
GSM7427350_mixpat_8_7,Uterus,0.7
GSM7427350_mixpat_8_8,Uterus,0.7
GSM7427350_mixpat_8_9,Uterus,0.7
GSM7427350_mixpat_9_1,Uterus,0.8
GSM7427350_mixpat_9_10,Uterus,0.8
GSM7427350_mixpat_9_2,Uterus,0.8
GSM7427350_mixpat_9_3,Uterus,0.8
GSM7427350_mixpat_9_4,Uterus,0.8
GSM7427350_mixpat_9_5,Uterus,0.8
GSM7427350_mixpat_9_6,Uterus,0.8
GSM7427350_mixpat_9_7,Uterus,0.8
GSM7427350_mixpat_9_8,Uterus,0.8
GSM7427350_mixpat_9_9,Uterus,0.8
GSM7427392_mixpat_10_1,Thyroid,0.9
GSM7427392_mixpat_10_10,Thyroid,0.9
GSM7427392_mixpat_10_2,Thyroid,0.9
GSM7427392_mixpat_10_3,Thyroid,0.9
GSM7427392_mixpat_10_4,Thyroid,0.9
GSM7427392_mixpat_10_5,Thyroid,0.9
GSM7427392_mixpat_10_6,Thyroid,0.9
GSM7427392_mixpat_10_7,Thyroid,0.9
GSM7427392_mixpat_10_8,Thyroid,0.9
GSM7427392_mixpat_10_9,Thyroid,0.9
GSM7427392_mixpat_11_1,Thyroid,1
GSM7427392_mixpat_11_10,Thyroid,1
GSM7427392_mixpat_11_2,Thyroid,1
GSM7427392_mixpat_11_3,Thyroid,1
GSM7427392_mixpat_11_4,Thyroid,1
GSM7427392_mixpat_11_5,Thyroid,1
GSM7427392_mixpat_11_6,Thyroid,1
GSM7427392_mixpat_11_7,Thyroid,1
GSM7427392_mixpat_11_8,Thyroid,1
GSM7427392_mixpat_11_9,Thyroid,1
GSM7427392_mixpat_1_1,Thyroid,0
GSM7427392_mixpat_1_10,Thyroid,0
GSM7427392_mixpat_1_2,Thyroid,0
GSM7427392_mixpat_1_3,Thyroid,0
GSM7427392_mixpat_1_4,Thyroid,0
GSM7427392_mixpat_1_5,Thyroid,0
GSM7427392_mixpat_1_6,Thyroid,0
GSM7427392_mixpat_1_7,Thyroid,0
GSM7427392_mixpat_1_8,Thyroid,0
GSM7427392_mixpat_1_9,Thyroid,0
GSM7427392_mixpat_2_1,Thyroid,0.1
GSM7427392_mixpat_2_10,Thyroid,0.1
GSM7427392_mixpat_2_2,Thyroid,0.1
GSM7427392_mixpat_2_3,Thyroid,0.1
GSM7427392_mixpat_2_4,Thyroid,0.1
GSM7427392_mixpat_2_5,Thyroid,0.1
GSM7427392_mixpat_2_6,Thyroid,0.1
GSM7427392_mixpat_2_7,Thyroid,0.1
GSM7427392_mixpat_2_8,Thyroid,0.1
GSM7427392_mixpat_2_9,Thyroid,0.1
GSM7427392_mixpat_3_1,Thyroid,0.2
GSM7427392_mixpat_3_10,Thyroid,0.2
GSM7427392_mixpat_3_2,Thyroid,0.2
GSM7427392_mixpat_3_3,Thyroid,0.2
GSM7427392_mixpat_3_4,Thyroid,0.2
GSM7427392_mixpat_3_5,Thyroid,0.2
GSM7427392_mixpat_3_6,Thyroid,0.2
GSM7427392_mixpat_3_7,Thyroid,0.2
GSM7427392_mixpat_3_8,Thyroid,0.2
GSM7427392_mixpat_3_9,Thyroid,0.2
GSM7427392_mixpat_4_1,Thyroid,0.3
GSM7427392_mixpat_4_10,Thyroid,0.3
GSM7427392_mixpat_4_2,Thyroid,0.3
GSM7427392_mixpat_4_3,Thyroid,0.3
GSM7427392_mixpat_4_4,Thyroid,0.3
GSM7427392_mixpat_4_5,Thyroid,0.3
GSM7427392_mixpat_4_6,Thyroid,0.3
GSM7427392_mixpat_4_7,Thyroid,0.3
GSM7427392_mixpat_4_8,Thyroid,0.3
GSM7427392_mixpat_4_9,Thyroid,0.3
GSM7427392_mixpat_5_1,Thyroid,0.4
GSM7427392_mixpat_5_10,Thyroid,0.4
GSM7427392_mixpat_5_2,Thyroid,0.4
GSM7427392_mixpat_5_3,Thyroid,0.4
GSM7427392_mixpat_5_4,Thyroid,0.4
GSM7427392_mixpat_5_5,Thyroid,0.4
GSM7427392_mixpat_5_6,Thyroid,0.4
GSM7427392_mixpat_5_7,Thyroid,0.4
GSM7427392_mixpat_5_8,Thyroid,0.4
GSM7427392_mixpat_5_9,Thyroid,0.4
GSM7427392_mixpat_6_1,Thyroid,0.5
GSM7427392_mixpat_6_10,Thyroid,0.5
GSM7427392_mixpat_6_2,Thyroid,0.5
GSM7427392_mixpat_6_3,Thyroid,0.5
GSM7427392_mixpat_6_4,Thyroid,0.5
GSM7427392_mixpat_6_5,Thyroid,0.5
GSM7427392_mixpat_6_6,Thyroid,0.5
GSM7427392_mixpat_6_7,Thyroid,0.5
GSM7427392_mixpat_6_8,Thyroid,0.5
GSM7427392_mixpat_6_9,Thyroid,0.5
GSM7427392_mixpat_7_1,Thyroid,0.6
GSM7427392_mixpat_7_10,Thyroid,0.6
GSM7427392_mixpat_7_2,Thyroid,0.6
GSM7427392_mixpat_7_3,Thyroid,0.6
GSM7427392_mixpat_7_4,Thyroid,0.6
GSM7427392_mixpat_7_5,Thyroid,0.6
GSM7427392_mixpat_7_6,Thyroid,0.6
GSM7427392_mixpat_7_7,Thyroid,0.6
GSM7427392_mixpat_7_8,Thyroid,0.6
GSM7427392_mixpat_7_9,Thyroid,0.6
GSM7427392_mixpat_8_1,Thyroid,0.7
GSM7427392_mixpat_8_10,Thyroid,0.7
GSM7427392_mixpat_8_2,Thyroid,0.7
GSM7427392_mixpat_8_3,Thyroid,0.7
GSM7427392_mixpat_8_4,Thyroid,0.7
GSM7427392_mixpat_8_5,Thyroid,0.7
GSM7427392_mixpat_8_6,Thyroid,0.7
GSM7427392_mixpat_8_7,Thyroid,0.7
GSM7427392_mixpat_8_8,Thyroid,0.7
GSM7427392_mixpat_8_9,Thyroid,0.7
GSM7427392_mixpat_9_1,Thyroid,0.8
GSM7427392_mixpat_9_10,Thyroid,0.8
GSM7427392_mixpat_9_2,Thyroid,0.8
GSM7427392_mixpat_9_3,Thyroid,0.8
GSM7427392_mixpat_9_4,Thyroid,0.8
GSM7427392_mixpat_9_5,Thyroid,0.8
GSM7427392_mixpat_9_6,Thyroid,0.8
GSM7427392_mixpat_9_7,Thyroid,0.8
GSM7427392_mixpat_9_8,Thyroid,0.8
GSM7427392_mixpat_9_9,Thyroid,0.8
